	id	z	colour	latent_colour
0	GFP_AEQVI/1-238	[[-0.47636968  0.6778242  -0.10102054]]	[0.4466319591308266, 0.6182228182501934, 0.45959740715069264]	#000100
1	UniRef100_UPI0011C34247/2-231	[[-1.7739863 -1.0227605 -0.6239256]]	[0.24906552864659448, 0.30860484527651066, 0.37233557680474877]	#000000
2	UniRef100_UPI0011C34247/384-556	[[1.5159619  1.5633329  0.76904064]]	[0.749971032585945, 0.7794434926315007, 0.6047922705094892]	#010101
3	UniRef100_UPI0011C3426C/384-556	[[ 1.6090468  -0.78836346  0.9037071 ]]	[0.7641435214124366, 0.3512804851501192, 0.6272652597892314]	#010001
4	UniRef100_UPI001C2E920B/3-240	[[ 0.01976047  0.3323455  -1.9851683 ]]	[0.522169416737851, 0.5553230295030374, 0.14517287604982565]	#010100
5	UniRef100_UPI0000EA3547/2-239	[[ 0.73483443 -0.4076093   0.05742532]]	[0.631041793081478, 0.4206027160794681, 0.48603868109746323]	#010000
6	UniRef100_UPI000B5ABD33/4-241	[[ 0.82915074 -1.9330372  -0.7219907 ]]	[0.6454017624239351, 0.14287478193538372, 0.3559705833777655]	#010000
7	UniRef100_UPI000B5ABDBE/1-238	[[-0.6220337   0.89741296  3.1372712 ]]	[0.4244541275951427, 0.6582023766389871, 1.0]	#000101
8	UniRef100_UPI000B5ABD69/1-238	[[ 0.77885646 -0.55072343 -0.36648023]]	[0.6377442918585304, 0.39454655820904194, 0.41529778385829735]	#010000
9	UniRef100_UPI000B5ABD53/1-238	[[ 0.22713304 -1.6629019   0.32039002]]	[0.5537425753758975, 0.19205712399830488, 0.529921942417262]	#010001
10	UniRef100_UPI0009795733/1-238	[[-1.133949    0.33947143 -0.2576037 ]]	[0.3465133252282654, 0.5566204187439661, 0.43346697996567735]	#000100
11	UniRef100_UPI00135F1855/1-238	[[ 1.0474783  -1.23676     0.42584676]]	[0.6786428592275153, 0.2696428964424382, 0.5475204482470768]	#010001
12	UniRef100_P42212/1-238	[[ 0.26179457  0.58291775 -0.37429386]]	[0.5590199082364595, 0.6009436187529255, 0.41399385338088524]	#010100
13	UniRef100_W6KDG8/1-238	[[ 0.46819717 -0.40528795 -1.1519132 ]]	[0.5904453870591018, 0.42102535633154947, 0.28422559136163045]	#010000
14	UniRef100_UPI000B5ABDBC/1-238	[[-0.2888487  -1.1009051  -0.01148237]]	[0.4751826489836213, 0.29437741095178466, 0.47453943973173673]	#000000
15	UniRef100_UPI0001986815/3-239	[[0.11903551 0.97331774 0.19119987]]	[0.5372843697278762, 0.6720220270384715, 0.5083628314394109]	#010101
16	UniRef100_A0A2V2QXC3/1-238	[[-0.8101207  -1.00124    -0.12231632]]	[0.3958172615005353, 0.3125229871543669, 0.4560435920855157]	#000000
17	UniRef100_UPI0002A54BBC/3-239	[[-0.29610813 -0.17046002 -0.28124326]]	[0.4740773769723433, 0.46377944499020135, 0.4295220359884056]	#000000
18	UniRef100_Q8GHE4/1-238	[[-0.62197065 -0.41476452 -1.0381904 ]]	[0.4244637289498013, 0.4192999985284749, 0.30320352853687127]	#000000
19	UniRef100_UPI000B5ABD1A/1-238	[[ 0.2852674  -0.26585636  0.7525877 ]]	[0.5625937266454761, 0.4464110532721185, 0.6020466171135088]	#010001
20	UniRef100_UPI000B5ABD2E/1-238	[[-1.4554931   0.26847848  0.02505788]]	[0.29755717942474347, 0.5436950454269361, 0.480637237670665]	#000100
21	UniRef100_UPI000067C63B/3-239	[[-0.3180849 -1.2112616  0.4191314]]	[0.47073134117384674, 0.2742852761147639, 0.5463997967360071]	#000001
22	UniRef100_A0A8E6TY54/1-238	[[ 0.30480993 -0.9246396   2.1678035 ]]	[0.5655691392641464, 0.32646929072444747, 0.8382162963946145]	#010001
23	UniRef100_UPI000B5ABD28/1-238	[[-0.23843224  1.0679402  -0.7652294 ]]	[0.48285872103930144, 0.6892495278205719, 0.3487549563204029]	#000100
24	UniRef100_A0A6S7E9W3/1-238	[[ 1.8266145  2.7187703 -1.5403556]]	[0.7972689209848804, 0.9898088853466178, 0.21940274730256848]	#010100
25	UniRef100_UPI000B5ABD5D/1-238	[[-0.25799447  0.77728724  2.1313078 ]]	[0.4798803068629249, 0.6363316171761797, 0.8321259361441201]	#000101
26	UniRef100_A0A5P9VSM6/2-239	[[-0.38524675 -2.1997957   1.2153871 ]]	[0.46050572603737827, 0.09430722484552567, 0.6792780817971262]	#000001
27	UniRef100_A0A0U3A3D8/2-239	[[ 1.7507265 -0.2356919  1.4297037]]	[0.7857147161287803, 0.45190296198911656, 0.7150430036154078]	#010001
28	UniRef100_UPI0001D1F7C5/1-237	[[-0.22571744  0.11874118  1.4823574 ]]	[0.484794591903586, 0.5164330345587463, 0.7238297907556183]	#000101
29	UniRef100_A0A1V0D974/2-239	[[ 0.01801305 -0.22053963 -0.67090404]]	[0.5219033648337627, 0.4546616701081111, 0.36449587024525565]	#010000
30	UniRef100_UPI000B5ABDB8/1-238	[[ 0.5348819  -0.02839305 -0.06104825]]	[0.6005983567853227, 0.48964495299649186, 0.46626793942599326]	#010000
31	UniRef100_UPI000B8BB2ED/13-249	[[-0.69799554 -0.13909128  0.30635667]]	[0.41288868788359134, 0.46949061203856024, 0.527580072696479]	#000001
32	UniRef100_UPI0001AB2972/1-238	[[-1.2040279  -0.37021783 -0.86542314]]	[0.3358435884513091, 0.42741041895362586, 0.3320347343183091]	#000000
33	UniRef100_UPI00001118CE/2-238	[[-0.88214123 -0.00146388  1.3722534 ]]	[0.3848518973801406, 0.49454782843041273, 0.7054557610569059]	#000001
34	UniRef100_UPI000B5ABD8B/2-238	[[ 2.2185943 -0.8280221  2.0160604]]	[0.856949144691725, 0.34406000645127044, 0.8128935608944714]	#010001
35	UniRef100_A0A6N6XNT4/1-238	[[-0.7313705  -0.43138805 -1.0954106 ]]	[0.40780723899307236, 0.41627342617021956, 0.2936546804649688]	#000000
36	UniRef100_A0A193CK14/36-273	[[ 2.126882  -2.2913296  0.5474197]]	[0.8429856532166389, 0.07764205068444802, 0.5678084132624981]	#010001
37	UniRef100_UPI000B5ABD25/1-238	[[ 0.41364032  0.76814795 -1.003883  ]]	[0.5821389266288072, 0.6346676651623108, 0.3089287035073105]	#010100
38	UniRef100_UPI000B5ABD67/7-244	[[ 0.29981714 -1.8551264   1.0770715 ]]	[0.564808971520313, 0.15705965489132573, 0.6561961320876968]	#010001
39	UniRef100_J8VIQ3/1-238	[[-0.7657576  1.2351146 -0.9802764]]	[0.40257168745278277, 0.7196862239592683, 0.31286814692730514]	#000100
40	UniRef100_UPI0010706A2B/2-238	[[ 0.68372446  0.69511324 -0.40923363]]	[0.6232601310808156, 0.6213705581156284, 0.4081631433060884]	#010100
41	UniRef100_UPI00157A33EC/1-238	[[-1.9728115 -0.5266163 -1.0621238]]	[0.2187937460587256, 0.3989356423921304, 0.29920954704174063]	#000000
42	UniRef100_UPI00027B2CE5/1-238	[[0.02491003 1.2013643  0.9031834 ]]	[0.5229534528776404, 0.7135414561839499, 0.6271778675718057]	#010101
43	UniRef100_UPI0001AB2973/1-238	[[-0.3198359 -0.2304047  0.9604744]]	[0.4704647447694942, 0.4528655792602292, 0.6367385224456755]	#000001
44	UniRef100_UPI000DF72107/17-253	[[ 0.9731255   0.62351406 -0.7008269 ]]	[0.6673223992598281, 0.6083348095609894, 0.3595023788070073]	#010100
45	UniRef100_A0A6M3ZKY0/1-238	[[1.576501   0.86461234 0.5131042 ]]	[0.7591883149081704, 0.6522305130678595, 0.5620818755861874]	#010101
46	UniRef100_UPI0001986814/3-238	[[-1.1681837  -1.5554945   0.31780082]]	[0.34130098754923915, 0.21161230408585235, 0.5294898602150242]	#000001
47	UniRef100_A0A193DTF7/1-238	[[-0.3921507   0.43308726  1.6756177 ]]	[0.45945457735236095, 0.5736646408525852, 0.7560808610964264]	#000101
48	UniRef100_A0A059PIQ0/1-238	[[-2.0814373   0.6016088   0.07985859]]	[0.2022550950341721, 0.6043466183115114, 0.48978232071754163]	#000100
49	UniRef100_UPI0010A1F85E/14-251	[[-0.06206158  0.8549809   1.2096567 ]]	[0.5097117384746355, 0.6504769564588733, 0.6783218004650866]	#010101
50	UniRef100_Q8GHE3/1-238	[[-0.7885414 -0.300368  -1.8830968]]	[0.39910278516967135, 0.4401276680454583, 0.16220646072182354]	#000000
51	UniRef100_UPI0001AF80B1/3-239	[[ 0.24296771  2.5394123  -0.86158293]]	[0.5561534569269073, 0.9571539627238808, 0.33267558405474185]	#010100
52	UniRef100_UPI0001BEF289/1-238	[[-0.55750537 -0.9088465  -0.8207034 ]]	[0.4342787818120649, 0.3293446682151394, 0.3394975184230871]	#000000
53	UniRef100_UPI0007414E7C/2-239	[[-1.1546185   0.6553821  -0.43915558]]	[0.34336633150134405, 0.6141368834391044, 0.40316980106921285]	#000100
54	UniRef100_UPI0010FFADAB/4-240	[[ 0.44201672  1.7434392  -2.100267  ]]	[0.5864593275000657, 0.8122346507013858, 0.12596534780212654]	#010100
55	UniRef100_A0A059PIR9/1-238	[[ 0.75075465  0.62522197 -0.66539776]]	[0.6334656995325574, 0.6086457614888675, 0.3654147517665144]	#010100
56	UniRef100_UPI0000154552/3-238	[[ 0.2967778  -1.6532184  -0.87144315]]	[0.5643462234332877, 0.19382015436428968, 0.33103012168824175]	#010000
57	UniRef100_A0A4D6FW43/1-238	[[-0.07697779 -1.1097484  -1.218048  ]]	[0.5074406959352257, 0.29276734974805885, 0.27318908624185495]	#010000
58	UniRef100_A0A6M5E0N3/2-239	[[ 0.98765695 -0.58506614 -0.18505497]]	[0.6695348581083131, 0.38829393284975, 0.4455738333536844]	#010000
59	UniRef100_UPI0003F4A88A/1-238	[[-0.9089944  -1.3651439   0.35088304]]	[0.38076341732141006, 0.24626860942132905, 0.5350105845443213]	#000001
60	UniRef100_UPI0015C551DC/1-238	[[2.1665714  0.19574174 0.75422746]]	[0.8490284808486189, 0.5304521873049226, 0.6023202623779746]	#010101
61	UniRef100_UPI00090CD099/2-237	[[-0.8529486  1.0288012  0.8927132]]	[0.38929657136169643, 0.6821236564682451, 0.6254306100820262]	#000101
62	UniRef100_K0NYR4/1-238	[[-0.5342965 -1.1402731  0.2975637]]	[0.43781240702657986, 0.2872098463870998, 0.5261127120086854]	#000001
63	UniRef100_UPI000B5ABD1C/4-241	[[-1.0715233   0.38077983  0.54061246]]	[0.3560178495898606, 0.564141257862296, 0.5666724238503049]	#000101
64	UniRef100_UPI0001A48A9C/1-238	[[-0.01008268 -1.1839029  -0.88023376]]	[0.5176256981582388, 0.27926636701668855, 0.3295631538973965]	#010000
65	UniRef100_UPI000B5ABDA7/1-238	[[-0.59850514 -0.0459403  -1.8776131 ]]	[0.4280364311332764, 0.4864502011040953, 0.16312158236848784]	#000000
66	UniRef100_UPI000745F1F2/25-262	[[-1.4796097  -1.2929807   0.34439486]]	[0.2938853418931679, 0.25940705002920694, 0.533927845102079]	#000001
67	UniRef100_UPI00100D9C0B/15-252	[[-1.2820274  0.5506977 -2.8550978]]	[0.32396791063923025, 0.5950774532266618, 0.0]	#000100
68	UniRef100_UPI0001986816/3-239	[[1.0552069  0.28646228 0.40660703]]	[0.6798195605984508, 0.5469692756836374, 0.5443097441188499]	#010101
69	UniRef100_UPI00019D0371/1-238	[[-0.81154066 -0.80553734 -0.22099702]]	[0.3956010676706381, 0.34815371126237193, 0.43957586356660433]	#000000
70	UniRef100_UPI00003E7814/3-239	[[-0.05310337 -0.20692909 -0.89101267]]	[0.5110756549176577, 0.45713968155067325, 0.32776438214696957]	#010000
71	UniRef100_UPI0001AF80B2/3-239	[[-0.86328363 -1.4670467   0.7876394 ]]	[0.38772302912321377, 0.22771560740803087, 0.6078960072001798]	#000001
72	UniRef100_UPI000B5ABD86/1-238	[[-1.5051813  0.1540342 -1.0939577]]	[0.2899919835041104, 0.5228586780677599, 0.2938971426425202]	#000100
73	UniRef100_UPI001262AC63/15-252	[[-0.13994603  1.0795537  -0.5632425 ]]	[0.4978535731523037, 0.6913639444999752, 0.3824623116337642]	#000100
74	UniRef100_UPI0000458519/1-238	[[-0.13545023  1.4984466   0.07829757]]	[0.49853807350942325, 0.7676299238414117, 0.48952181885067436]	#000100
75	UniRef100_UPI00001556FA/1-238	[[-0.14632341 -0.14255005  0.8920643 ]]	[0.4968825953249353, 0.46886088934899256, 0.6253223197256509]	#000001
76	UniRef100_UPI0014612D4E/4-241	[[ 0.6425968  0.4672941 -1.6979015]]	[0.6169983054425778, 0.5798925291797142, 0.19311165510594752]	#010100
77	UniRef100_UPI000B5ABD65/4-241	[[-0.1938263   0.54913926 -0.58555937]]	[0.48965012309698974, 0.5947937180027385, 0.37873809616740667]	#000100
78	UniRef100_UPI0003C712F7/1-238	[[-1.2355013   0.07897684 -0.12610312]]	[0.33105165942626513, 0.5091933153431065, 0.4554116546444179]	#000100
79	UniRef100_A0A059PIU2/1-238	[[1.2666072  0.41020536 1.2466723 ]]	[0.7120059513152875, 0.5694986348891319, 0.6844989163404827]	#010101
80	UniRef100_A0A5J6XWW3/2-239	[[0.12492876 0.90553    0.13167563]]	[0.5381816369663552, 0.6596802067670797, 0.49842949142981346]	#010100
81	UniRef100_UPI000C255C2F/13-249	[[0.63184714 0.98332095 1.6833799 ]]	[0.6153616374734665, 0.6738432672928187, 0.7573762075215237]	#010101
82	UniRef100_UPI0001A48A37/1-238	[[ 1.3023813 -1.4578058  1.1172543]]	[0.7174526782080395, 0.22939807285768404, 0.6629017789060849]	#010001
83	UniRef100_A0A125NTU3/3-239	[[0.7518129  0.36626297 0.03008151]]	[0.6336268171607317, 0.5614982370130419, 0.4814755753175095]	#010100
84	UniRef100_UPI0007414E7B/2-239	[[ 0.8605712  -1.7841129  -0.52978766]]	[0.650185632845069, 0.1699887612809874, 0.3880452181218635]	#010000
85	UniRef100_UPI00026BAC74/2-239	[[ 1.0532367  -0.56937116 -0.1320854 ]]	[0.6795195954029076, 0.3911514480219772, 0.4544133383122826]	#010000
86	UniRef100_UPI000C81099F/23-260	[[ 0.7833488 -0.6645289 -0.3326528]]	[0.6384282658653946, 0.3738264966810597, 0.4209428675318198]	#010000
87	UniRef100_UPI0000F58EE9/3-239	[[1.8287547 1.6099135 0.7511697]]	[0.7975947680929815, 0.7879242089022236, 0.6018099837362546]	#010101
88	UniRef100_UPI0004D1BB55/1-238	[[-0.7713997   1.4583999   0.00367498]]	[0.4017126656859854, 0.7603387989133981, 0.4770688816883643]	#000100
89	UniRef100_UPI00001556F9/1-238	[[ 0.07395557 -0.5407758  -0.38613766]]	[0.5304207986976716, 0.3963576844410265, 0.4120173728487002]	#010000
90	UniRef100_UPI000B5ABD6A/1-238	[[1.0796053 1.2563812 0.7201433]]	[0.6835343047508446, 0.7235581365074406, 0.5966323380169435]	#010101
91	UniRef100_UPI0001AB2976/3-239	[[-0.02619853  0.50161844  2.0351684 ]]	[0.5151720064083325, 0.5861418121367661, 0.8160822926338646]	#010101
92	UniRef100_UPI001C9A2BD2/625-861	[[-0.31621504  0.4570027   0.46987343]]	[0.47101603313697926, 0.5780188197213714, 0.5548675714476635]	#000101
93	UniRef100_UPI00194ADA79/35-272	[[ 1.1163219  -0.52671057 -0.3427971 ]]	[0.6891245256132198, 0.39891847459880647, 0.4192499989158034]	#010000
94	UniRef100_UPI000718AB89/4-238	[[ 1.469755    0.40280533 -1.3231487 ]]	[0.7429358895224936, 0.5681513429316418, 0.2556499874253083]	#010100
95	UniRef100_A0A5J6CYR6/1-238	[[-0.08445656  0.55874175  1.336044  ]]	[0.5063020279077439, 0.5965420005614368, 0.6994131651392226]	#010101
96	UniRef100_UPI0002A54BF8/22-259	[[ 0.03614264  0.00066142 -0.12584421]]	[0.5246636556074307, 0.49493477117545304, 0.4554548608752901]	#010000
97	UniRef100_UPI0001AB2977/3-239	[[-0.4561941   1.5154371   0.38442814]]	[0.4497037573712631, 0.7707233171145798, 0.5406085553976939]	#000101
98	UniRef100_UPI0001A48AA0/3-239	[[-0.23831876  0.64389     0.24461402]]	[0.48287599984768514, 0.6120445721926979, 0.5172765267806319]	#000101
99	UniRef100_A0A7S7YQ80/2-239	[[ 0.60022724 -0.09614149 -0.9700298 ]]	[0.6105474020875995, 0.47731029094613125, 0.3145780941271276]	#010000
100	UniRef100_UPI0002A54BB4/6-243	[[-0.48361307  0.66253155 -1.3497177 ]]	[0.44552912829573305, 0.6154385537764089, 0.25121618017669184]	#000100
101	UniRef100_UPI000175260A/1-238	[[-0.23931481 -0.306264   -1.5190954 ]]	[0.48272434744910336, 0.43905420890265767, 0.2229506166930395]	#000000
102	UniRef100_UPI000718AB72/2-238	[[0.6816025  0.70309496 0.43267304]]	[0.6229370518490576, 0.6228237543051335, 0.5486596106751315]	#010101
103	UniRef100_UPI0001AF80B3/3-239	[[-0.51506805 -0.8153758   0.57300496]]	[0.44074000344704967, 0.3463624658125426, 0.5720780492672481]	#000001
104	UniRef100_UPI001C717BE3/687-922	[[-1.6690207  -0.72630787 -0.40966153]]	[0.26504690180075674, 0.3625786728779208, 0.4080917355290683]	#000000
105	UniRef100_UPI0001AB2962/3-239	[[ 2.0811787  -0.49945736 -0.7383553 ]]	[0.8360271576403768, 0.4038803466878509, 0.3532396810241755]	#010000
106	UniRef100_UPI0018FE02FF/25-262	[[ 0.686664  -2.7177806 -1.0482527]]	[0.6237076830729679, 0.0, 0.3015243367133611]	#010000
107	UniRef100_UPI0007414E42/2-239	[[-0.4678614   0.55082077 -1.0831953 ]]	[0.4479273706343602, 0.5950998625144076, 0.29569314919417133]	#000100
108	UniRef100_UPI00026BAC78/2-239	[[ 0.2896004 -1.2533464  0.4861384]]	[0.5632534386280684, 0.26662307942637264, 0.5575818527683241]	#010001
109	UniRef100_UPI000B5ABD56/12-248	[[-1.4631877   0.92333525  0.14696446]]	[0.2963856508063178, 0.662921935417583, 0.5009808746916555]	#000101
110	UniRef100_UPI000C255C22/13-249	[[ 1.1106287 -1.5579315 -0.6898621]]	[0.6882577174926445, 0.21116861104044077, 0.3613321744962176]	#010000
111	UniRef100_UPI0013F595F6/37-274	[[-2.8181198 -1.2372842  0.7493839]]	[0.090092759613007, 0.2695474643473116, 0.6015119788609904]	#000001
112	UniRef100_UPI000153639E/2-239	[[ 1.53613   -1.654723  -0.5808331]]	[0.7530416873758268, 0.19354620760406932, 0.3795268144110383]	#010000
113	UniRef100_UPI000259F50B/2-239	[[-1.0329046  -0.06977194 -0.06336311]]	[0.36189767199275047, 0.48211128008449594, 0.46588163966499796]	#000000
114	UniRef100_UPI00194ADAB5/35-272	[[ 0.59169924 -0.86404353 -0.25195765]]	[0.6092489867576084, 0.33750174662220955, 0.4344091866348832]	#010000
115	UniRef100_UPI001D198A42/1-238	[[0.5440869  0.4865592  0.11356044]]	[0.6019998460153253, 0.5834000439200336, 0.4954064478149101]	#010100
116	UniRef100_UPI0008595909/1-236	[[ 3.1581526   0.35490134 -0.57944703]]	[1.0, 0.5594296752708637, 0.37975811632590467]	#010100
117	UniRef100_UPI0013F595FA/37-274	[[ 1.5463518  2.5606635 -1.9112798]]	[0.7545979961809477, 0.9610230754675793, 0.15750331515503596]	#010100
118	UniRef100_UPI00076F13AC/1-235	[[-0.1751258  -0.41957673 -1.0831344 ]]	[0.49249733766595827, 0.41842386048934593, 0.29570331478103784]	#000000
119	UniRef100_UPI00028BC7E8/817-1054	[[-0.47640562  0.0434036   0.46165997]]	[0.4466264869031714, 0.5027166513661332, 0.5534969181163371]	#000101
120	UniRef100_UPI000B5ABD24/12-248	[[0.81125224 0.2701228  1.0453155 ]]	[0.6426766565767138, 0.5439944183184826, 0.6508967181546679]	#010101
121	UniRef100_UPI00194ADAC1/35-272	[[-0.38141108 -0.00743176  0.20601624]]	[0.4610897207207325, 0.4934612818294904, 0.5108353717224885]	#000001
122	UniRef100_UPI000B5ABD84/1-238	[[ 0.62852395  0.30348432 -1.4955264 ]]	[0.6148556696779709, 0.5500684042151947, 0.22688378370861856]	#010100
123	UniRef100_UPI0006AD099E/35-272	[[-0.14649867  0.45109066  1.1849904 ]]	[0.4968559125432388, 0.5769424414025883, 0.6742055136312961]	#000101
124	UniRef100_UPI000255FF86/2-239	[[-0.69096684 -0.9945089   0.939939  ]]	[0.41395883055282456, 0.31374848761724616, 0.633311605634751]	#000001
125	UniRef100_UPI00194ADAD2/35-272	[[1.0658945  0.58189815 0.58735025]]	[0.6814467814879783, 0.6007579852051387, 0.5744719753469997]	#010101
126	UniRef100_UPI0002250D5D/19-256	[[-0.533366   -0.10943998 -0.04367486]]	[0.4379540769203181, 0.4748890949156723, 0.46916719314857747]	#000000
127	UniRef100_UPI000292D3B7/2-239	[[ 0.23942897 -0.26047304  0.75600404]]	[0.5556146716467387, 0.44739116932119244, 0.6026167354524783]	#010001
128	UniRef100_UPI00194ADA9D/35-272	[[-0.27287537  0.2156904   0.04587235]]	[0.47761464126362396, 0.5340841522689073, 0.4841107332851592]	#000100
129	UniRef100_UPI00194ADA50/35-272	[[1.741778  0.8661053 0.1983454]]	[0.784352285717729, 0.6525023328448363, 0.5095552687043118]	#010101
130	UniRef100_UPI000C81095A/4-241	[[-0.3423789   0.47700942  0.9582511 ]]	[0.4670324964291673, 0.5816613544898425, 0.6363675083653231]	#000101
131	UniRef100_UPI00194ADA2C/35-272	[[ 0.18460327  0.37059668 -0.59362566]]	[0.5472672784090835, 0.562287255554823, 0.3773920013820424]	#010100
132	UniRef100_UPI00194ADA88/35-272	[[-0.0792726   0.46409965  0.05180769]]	[0.5070913037282005, 0.5793109294860345, 0.4851012165452227]	#010100
133	UniRef100_UPI000277548C/2-239	[[-0.63192683 -0.09754924  0.6425745 ]]	[0.4229478674393053, 0.47705398946526906, 0.5836877363275145]	#000001
134	UniRef100_UPI000255FF87/2-239	[[-0.53267556  0.48145285  1.2632865 ]]	[0.43805920177132474, 0.5824703514813766, 0.6872714757173572]	#000101
135	UniRef100_UPI00026BAC72/2-239	[[ 0.30113173 -0.06984458  0.71698993]]	[0.5650091207424254, 0.4820980542639438, 0.5961061047750924]	#010001
136	UniRef100_UPI00194ADA6B/35-272	[[-0.42382622 -0.5363605  -1.4864011 ]]	[0.4546318749873858, 0.3971615538836696, 0.22840661249343863]	#000000
137	UniRef100_A0A6I4B616/1-238	[[-0.8362086  0.9164713  0.8172412]]	[0.39184529542333735, 0.6616722459462847, 0.6128359253988361]	#000101
138	UniRef100_UPI000B5ABD91/2-238	[[0.17393154 1.132874   1.0488944 ]]	[0.5456424714707272, 0.7010717347670995, 0.6514939613032116]	#010101
139	UniRef100_UPI000C210336/2-239	[[0.6859289  0.08005772 0.1211151 ]]	[0.6235957610436633, 0.5093901060574617, 0.4966671621146919]	#010100
140	UniRef100_UPI00194ADA7E/35-272	[[-0.5526021  -1.2955807   0.61859316]]	[0.43502531889928475, 0.2589336660340267, 0.5796857576388019]	#000001
141	UniRef100_UPI00194ADA8C/35-272	[[-1.2418643 -1.663409   1.2263912]]	[0.33008286640620677, 0.1919647955624011, 0.6811144323999813]	#000001
142	UniRef100_UPI00194ADA9B/35-272	[[-0.01600831 -0.4222816  -0.927767  ]]	[0.5167235009236176, 0.41793139875670454, 0.32163086291270443]	#010000
143	UniRef100_UPI0007A93650/2-239	[[ 1.0123858 -1.5089064  0.7514099]]	[0.6732999140851184, 0.22009440940685687, 0.6018500691717458]	#010001
144	UniRef100_UPI000255FFC7/2-239	[[0.5672731  2.0800416  0.21922779]]	[0.605530022728167, 0.8735183771135214, 0.5130401005147766]	#010101
145	UniRef100_UPI00194ADA74/35-272	[[-0.58012426  0.7547888   1.269718  ]]	[0.43083498099113277, 0.6322354272673089, 0.6883447707127015]	#000101
146	UniRef100_UPI00004CCFAC/3-239	[[1.2625889  0.59661597 0.28928548]]	[0.711394150818442, 0.6034375934217704, 0.5247312515245893]	#010101
147	UniRef100_UPI001D0F4A03/2-239	[[-3.4098492  1.3961923  0.8045579]]	[0.0, 0.7490129386995181, 0.610719354724354]	#000101
148	UniRef100_UPI00194ADA57/35-272	[[1.9093319 1.0022539 1.8208818]]	[0.8098629216954896, 0.6772903040861128, 0.7803223839817088]	#010101
149	UniRef100_UPI00004CCFAB/3-239	[[-0.6040905   0.89089864 -0.91950744]]	[0.4271860396956665, 0.6570163447376243, 0.323009205088109]	#000100
150	UniRef100_UPI0001AB296D/1-238	[[-0.14907245  0.38303167 -0.2018099 ]]	[0.4964640447781045, 0.5645512393084908, 0.4427777896807317]	#000100
151	UniRef100_UPI00194ADAC5/35-272	[[-0.69593805  0.07337357  0.3993997 ]]	[0.4132019479605852, 0.508173152865895, 0.5431069920657097]	#000101
152	UniRef100_UPI0001AB2961/3-239	[[-0.15717441  0.77457553  2.1432414 ]]	[0.49523049531083635, 0.635837907468676, 0.8341173964941337]	#000101
153	UniRef100_UPI001C0A674F/14-251	[[-0.83465016  1.3798162   1.1974794 ]]	[0.3920825704884632, 0.7460314073818386, 0.6762896578740905]	#000101
154	UniRef100_UPI00194ADA7C/35-272	[[ 0.02045757 -1.2141149   0.8497096 ]]	[0.5222755511830974, 0.27376579301336357, 0.6182542130389507]	#010001
155	UniRef100_UPI00194ADAC0/35-272	[[0.40440547 1.0743836  0.5886807 ]]	[0.5807328908215986, 0.6904226458950982, 0.574693996936478]	#010101
156	UniRef100_UPI00004CCFAD/3-239	[[-0.5386162 -1.7809349 -0.674902 ]]	[0.43715472330747174, 0.17056736583499743, 0.3638286914399035]	#000000
157	UniRef100_UPI0010C76176/1-233	[[ 1.0901394  -0.21538532  1.3548465 ]]	[0.6851381484290296, 0.455600092944827, 0.7025509097961523]	#010001
158	UniRef100_UPI00194ADA1D/35-272	[[ 0.928057   -0.61064976  0.33191365]]	[0.6604605706304689, 0.3836360348813098, 0.5318449939378488]	#010001
159	UniRef100_UPI0001AB296E/1-238	[[-0.5300238  -0.08586595  0.68639773]]	[0.43846293964221833, 0.4791811137843577, 0.5910009112424109]	#000001
160	UniRef100_UPI00194ADA90/35-272	[[ 0.7188861  -0.79120564 -0.54402477]]	[0.6286136032283203, 0.3507630205124094, 0.38566934540822034]	#010000
161	UniRef100_UPI00025C06C1/2-239	[[-0.7591998 -1.6416168  1.5362031]]	[0.40357013758723076, 0.19593240065262796, 0.7328155130595564]	#000001
162	UniRef100_A0A7S7YQ81/252-489	[[0.790586   0.5298336  0.12150913]]	[0.6395301529000302, 0.5912788239327982, 0.4967329176463726]	#010100
163	UniRef100_UPI0001F2FE6F/2-239	[[-1.1159366  0.5726323  1.2074579]]	[0.34925577340890124, 0.599070994490115, 0.6779548645555906]	#000101
164	UniRef100_UPI00194ADAA6/35-272	[[-0.2851879   0.06577372 -0.99323934]]	[0.47574001760405654, 0.5067894810846729, 0.3107049060634125]	#000100
165	UniRef100_UPI000225A884/15-252	[[-0.02749842 -1.2683188   0.91896677]]	[0.5149740941748056, 0.2638971333605038, 0.6298117790863202]	#010001
166	UniRef100_I1YZZ9/32-266	[[-1.8948555  -0.50818384 -1.8749994 ]]	[0.23066279911759013, 0.4022915553165618, 0.16355774771496107]	#000000
167	UniRef100_UPI00194ADACE/35-272	[[1.8863987 0.7864938 0.5557441]]	[0.806371259301335, 0.6380078101956551, 0.5691975775108095]	#010101
168	UniRef100_UPI00051FF3EB/1-238	[[ 0.8866099  -0.22214574  0.00428608]]	[0.6541501120436344, 0.4543692533199279, 0.4771708620700151]	#010000
169	UniRef100_UPI00194ADA40/35-272	[[ 0.14017375 -0.713663    1.7027453 ]]	[0.5405027360956776, 0.36488087179226514, 0.7606078893627657]	#010001
170	UniRef100_Q17105/1-238	[[-0.21577631 -0.14653802 -0.35490566]]	[0.4863081619754702, 0.4681348175740732, 0.4172293348837544]	#000000
171	UniRef100_UPI0001C67B2F/7-244	[[-1.1680688  -0.30525744  0.4859568 ]]	[0.34131848415772853, 0.439237471298206, 0.5575515449961301]	#000001
172	UniRef100_UPI000C810988/4-241	[[ 0.33406448  0.03084951 -1.3061619 ]]	[0.5700232421752771, 0.5004309833709846, 0.2584847339343642]	#010100
173	UniRef100_UPI000C6C8871/1-236	[[-0.17287976 -0.0183166  -0.23466702]]	[0.49283930425063044, 0.49147952759094454, 0.4372946292837256]	#000000
174	UniRef100_UPI000F044F5E/103-335	[[-0.9165835  1.0029708 -0.9977172]]	[0.3796079514607781, 0.6774208314047601, 0.3099576459079017]	#000100
175	UniRef100_UPI00006833D0/3-237	[[-1.3530303 -0.8268177  1.032013 ]]	[0.31315747499400687, 0.34427929191251955, 0.6486768205561455]	#000001
176	UniRef100_UPI00027B2CE7/1-237	[[-0.98288476  0.12489852 -1.9247218 ]]	[0.3695133612378829, 0.5175540740996687, 0.15526012224884106]	#000100
177	UniRef100_UPI000B5ABD7B/13-243	[[ 0.2147658   0.49838012 -0.07162608]]	[0.5518596231310391, 0.5855522254039673, 0.4645027230643081]	#010100
178	UniRef100_UPI001CEFB137/4-234	[[-0.92577785  0.49572977  0.20294675]]	[0.3782080775815593, 0.5850696877844704, 0.5103231385427848]	#000101
179	UniRef100_U6M5D0/29-266	[[-0.8653473   0.05739654  1.7896807 ]]	[0.38740882524576203, 0.5052642855628234, 0.7751155743673952]	#000101
180	UniRef100_UPI00194ADA6C/35-272	[[ 2.004978   -0.14641023  0.47027534]]	[0.8244253453111776, 0.4681580841662897, 0.5549346424381143]	#010001
181	UniRef100_UPI000B5ABD22/13-250	[[-1.0351279  0.4374098  0.3352738]]	[0.36155917432851137, 0.5744516246527429, 0.5324057324838484]	#000101
182	UniRef100_UPI00194ADA5D/35-272	[[-0.7660055   0.50368655  0.92587996]]	[0.4025339445094699, 0.5865183424306722, 0.6309654438878106]	#000101
183	UniRef100_UPI000B5ABD9E/790-1025	[[-0.2928962  -0.39335462  1.2793705 ]]	[0.4745664017346181, 0.4231980046032259, 0.6899555686269221]	#000001
184	UniRef100_UPI00028BC767/4-234	[[0.05752553 0.00755712 1.7461923 ]]	[0.5279192714651805, 0.4961902406694563, 0.7678582803399898]	#010001
185	UniRef100_UPI000E5587D0/1-231	[[ 0.599706   -0.5918878  -0.91928524]]	[0.6104680411740936, 0.3870519482667322, 0.32304628660262785]	#010000
186	UniRef100_UPI0009E0E32B/8-244	[[-0.3433538  -0.42840526 -0.23670821]]	[0.4668840656571487, 0.4168164905705407, 0.43695399757625353]	#000000
187	UniRef100_UPI00194ADA6A/35-272	[[-0.96845937  0.20924017  0.5537184 ]]	[0.37170967565353463, 0.5329097862195187, 0.5688595269870867]	#000101
188	UniRef100_UPI0001E30607/4-234	[[ 0.31589186 -0.48905796 -1.2460293 ]]	[0.5672564003828054, 0.4057737198892424, 0.26851960050477014]	#010000
189	UniRef100_UPI00194ADAD4/35-272	[[0.83948267 0.6571771  1.9011081 ]]	[0.6469748327621889, 0.6144636900737122, 0.793710461884878]	#010101
190	UniRef100_UPI000B5ABDC0/13-250	[[0.29358363 1.1690011  0.43460226]]	[0.5638598984848228, 0.7076492351129513, 0.5489815573973503]	#010101
191	UniRef100_UPI00078AF321/4-233	[[ 0.65077627 -1.7974954   1.5168635 ]]	[0.6182436592218234, 0.1675522802714534, 0.7295881282178509]	#010001
192	UniRef100_UPI0002B4DC8D/4-235	[[-0.08269124  0.68431586 -0.03499547]]	[0.5065708045819044, 0.6194047264085328, 0.47061560028864696]	#010100
193	UniRef100_UPI00078AF337/4-235	[[0.05558834 1.7314068  0.3205738 ]]	[0.5276243275830113, 0.8100439664799595, 0.5299526132461297]	#010101
194	UniRef100_UPI00082357E6/1-231	[[ 0.13714087 -1.5088887   2.6180234 ]]	[0.5400409703778788, 0.22009762158563306, 0.913348497762994]	#010001
195	UniRef100_UPI00052E496B/54-291	[[-0.73579097  0.60923445  0.767046  ]]	[0.40713420944151846, 0.6057349849199059, 0.6044594022467817]	#000101
196	UniRef100_UPI000B5ABD32/2-231	[[-0.99008083 -1.3957664  -0.42951065]]	[0.36841773595628546, 0.2406933088536372, 0.4047793357451437]	#000000
197	UniRef100_UPI001E1C2253/878-1109	[[0.291038   0.12497006 0.07850444]]	[0.5634723186592691, 0.5175670991590473, 0.489556340318305]	#010100
198	UniRef100_UPI000E558788/1-231	[[-1.4093821  0.0707408  0.5295418]]	[0.30457772988111453, 0.5076938165732191, 0.5648249627185556]	#000101
199	UniRef100_UPI0010933757/1-230	[[1.8146574  0.17421082 1.336272  ]]	[0.7954484206515737, 0.5265321463348845, 0.6994512214360438]	#010101
200	UniRef100_UPI000E6AE39A/1-230	[[-0.385585   -2.0776021  -0.35851157]]	[0.46045422538739017, 0.11655447119441786, 0.41662758585375237]	#000000
201	UniRef100_UPI00035AC992/4-234	[[ 0.21088202  0.63980645 -0.4351262 ]]	[0.5512683049191316, 0.6113010938814376, 0.4038422218161293]	#010100
202	UniRef100_UPI0006730543/151-379	[[0.19528106 1.2318877  0.5929395 ]]	[0.5488930064603867, 0.7190987208018919, 0.5754047027556539]	#010101
203	UniRef100_Q17106/1-238	[[-0.12025592 -0.59815073 -0.5142004 ]]	[0.5008514577506273, 0.38591167906097423, 0.39064640480194474]	#010000
204	UniRef100_UPI0001A48AA1/13-247	[[ 0.18663898 -2.1732864  -2.0389378 ]]	[0.5475772215719679, 0.0991336536801607, 0.13619988559636603]	#010000
205	UniRef100_UPI0001A48A3A/1-228	[[-0.39272356  1.5386803   0.38076115]]	[0.45936735748504187, 0.7749551022052346, 0.5399966109405507]	#000101
206	UniRef100_UPI000766E156/1-229	[[0.38509458 0.32032126 0.5117585 ]]	[0.5777927436700392, 0.5531338319994906, 0.5618573076266132]	#010101
207	UniRef100_UPI00109337F7/1-230	[[ 1.0163056  -1.6211915  -0.62590516]]	[0.6738967045246811, 0.19965114870334544, 0.37200523501862054]	#010000
208	UniRef100_UPI000B5ABD3F/3-230	[[ 0.11660117  0.83411765 -0.23841278]]	[0.5369137329355432, 0.6466784790923842, 0.43666954018563914]	#010100
209	UniRef100_UPI000E6AE36D/1-230	[[-0.6862426  -0.2736392  -0.19952284]]	[0.4146781154018216, 0.44499406463155466, 0.4431594517657227]	#000000
210	UniRef100_UPI00001CE540/1-229	[[-0.50286555  1.2399793   1.0514132 ]]	[0.44259787464848876, 0.7205719171450606, 0.651914291410652]	#000101
211	UniRef100_UPI0002D257B2/20-257	[[-0.6366397  -0.79183376 -0.9090863 ]]	[0.4222303159161493, 0.3506486626071962, 0.3247482763959012]	#000000
212	UniRef100_UPI0008101732/13-250	[[ 1.3164796  1.2780855 -1.3665128]]	[0.7195991889995265, 0.7275097458155186, 0.24841344233547974]	#010100
213	UniRef100_UPI000789C189/4-233	[[0.14078213 0.407103   0.26682281]]	[0.540595364665621, 0.5689338014664291, 0.5209827062877079]	#010101
214	UniRef100_UPI00187D6E10/27-254	[[-1.1909794  -0.5636257   0.82661223]]	[0.33783027026524715, 0.3921975005516049, 0.6143997547209006]	#000001
215	UniRef100_UPI000B5ABDA4/3-230	[[-1.1900904  1.6034265  1.0737207]]	[0.33796561488091637, 0.7867431471963995, 0.6556369452359743]	#000101
216	UniRef100_Q6YGZ0/1-238	[[ 1.2189466   1.1412975  -0.18666963]]	[0.7047494688944423, 0.7026053547975171, 0.44530438064779415]	#010100
217	UniRef100_UPI0001AB295F/1-229	[[-0.3463363  -0.33270895 -1.0217863 ]]	[0.46642997058682173, 0.43423949475379586, 0.30594101564438064]	#000000
218	UniRef100_UPI0004DB2145/2-230	[[ 0.5327653   0.9276281  -0.12294936]]	[0.6002761033789654, 0.6637035149439889, 0.4559379500535076]	#010100
219	UniRef100_UPI00003E569F/1-238	[[ 1.6548235  -0.04394951  2.491793  ]]	[0.7711131792441146, 0.4868126564119451, 0.8922832930628881]	#010001
220	UniRef100_UPI000B5ABD71/2-231	[[-1.2671481 -2.0310414  0.0114705]]	[0.32623332213840794, 0.12503158461597297, 0.4783697895946326]	#000000
221	UniRef100_UPI00001CE53F/3-230	[[-0.56761456  0.19744173 -0.9606897 ]]	[0.43273962476526595, 0.5307616959227425, 0.31613675113493506]	#000100
222	UniRef100_UPI0000D5BE2E/3-230	[[0.42471057 0.38704097 0.72928387]]	[0.5838244090466033, 0.5652811960834165, 0.5981577032251011]	#010101
223	UniRef100_UPI0005841C9D/1-238	[[-0.42279124  0.491768    0.36358488]]	[0.4547894533638428, 0.5843483854439164, 0.5371302536339785]	#000101
224	UniRef100_UPI00065B461A/790-1021	[[-1.8525269 -1.1230272  0.6326955]]	[0.23710746794454346, 0.2903497294368795, 0.5820391407321857]	#000001
225	UniRef100_UPI000B5ABD27/1-227	[[ 1.2086067 -1.9280111 -1.2290032]]	[0.7031751915806029, 0.14378986221619589, 0.27136089198071267]	#010000
226	UniRef100_UPI0012B50503/200-369	[[-0.60241735  0.10296555  0.4029423 ]]	[0.42744078414426845, 0.5135608339779757, 0.5436981776385179]	#000101
227	UniRef100_UPI0010FFCD2E/5-243	[[-0.6550839   0.7334066  -0.30361074]]	[0.4194221284036167, 0.6283424619258062, 0.42578937572434783]	#000100
228	UniRef100_UPI0010FFCD76/5-243	[[ 0.6541879   1.2342453  -0.11027658]]	[0.6187630943238533, 0.7195279590428107, 0.4580527700985489]	#010100
229	UniRef100_UPI00142F3CBD/2-229	[[-0.305565  -0.3845562 -1.2761586]]	[0.4726375367737328, 0.42479989428459203, 0.26349165349616416]	#000000
230	UniRef100_UPI0002A54BFD/1-227	[[ 0.8770042  -0.71903664 -0.8517305 ]]	[0.6526876115590291, 0.36390251375995386, 0.3343197433959195]	#010000
231	UniRef100_UPI000FF8754F/176-345	[[ 0.9563542  -0.22616646  0.83283633]]	[0.6647689108208755, 0.45363721839555754, 0.615438425050998]	#010001
232	UniRef100_UPI000B5ABD2C/3-230	[[-0.7859128   0.35156757  1.2348247 ]]	[0.39950299286385216, 0.5588227091316122, 0.6825217992157737]	#000101
233	UniRef100_UPI00001BFB56/1-238	[[0.6724167  0.9588173  0.62754637]]	[0.6215384847704728, 0.6693819959029095, 0.5811798601859797]	#010101
234	UniRef100_UPI00142602D2/2-229	[[ 1.2045331  -0.09772874  1.2669554 ]]	[0.7025549694796712, 0.4770213088018083, 0.6878837384707623]	#010001
235	UniRef100_UPI0001A48A9D/1-228	[[ 0.27797127  0.49305922 -0.11645424]]	[0.5614828644314859, 0.5845834713521185, 0.4570218482930786]	#010100
236	UniRef100_A0A348GST3/2-239	[[ 1.9724354  1.011427  -0.6365571]]	[0.8194706288571492, 0.6789604200106063, 0.3702276498631306]	#010100
237	UniRef100_UPI000B5ABDA3/1-172	[[-0.2257341  -0.23681867 -0.5211508 ]]	[0.4847920554398553, 0.4516978166256557, 0.3894865232765879]	#000000
238	UniRef100_UPI0003B05A3D/3-241	[[ 0.18965217 -0.38071638  0.9128136 ]]	[0.5480359902695625, 0.42549899352455145, 0.6287849453984645]	#010001
239	UniRef100_UPI000FF8750E/1-234	[[ 0.37542826  0.76152164 -0.8727781 ]]	[0.5763210139059559, 0.6334612424368926, 0.3308073441451412]	#010100
240	UniRef100_UPI00022F83CA/311-492	[[ 0.70945674 -0.9241371   0.981488  ]]	[0.6271779556817441, 0.3265607727078359, 0.6402452520442876]	#010001
241	UniRef100_UPI0005AECEC6/4-241	[[1.0099266  0.06341129 0.49192482]]	[0.6729254794034426, 0.5063593638353727, 0.5585474840530589]	#010101
242	UniRef100_UPI000B5ABD99/2-229	[[ 1.0218631 -0.2390171  0.5864004]]	[0.6747428579352347, 0.45129755853143183, 0.5743134638085413]	#010001
243	UniRef100_UPI001CEFB14C/190-359	[[0.5573204  0.06619696 0.02884677]]	[0.6040146966429308, 0.5068665381064458, 0.4812695232482993]	#010100
244	UniRef100_UPI000B5ABD96/122-308	[[-0.6881631   0.8651245  -0.61271256]]	[0.41438570968494637, 0.6523237639199659, 0.37420680074180535]	#000100
245	UniRef100_UPI000B4966A5/159-346	[[-1.869515  -1.3490671  1.9697402]]	[0.23452098278958083, 0.24919564221936727, 0.8051636963856306]	#000001
246	UniRef100_UPI000B4E83C3/160-345	[[0.83535033 0.051482   0.0712257 ]]	[0.6463456717819199, 0.5041874507836697, 0.4883416732922023]	#010100
247	UniRef100_UPI000B4E83E8/159-346	[[1.0133059  0.50456554 1.6568218 ]]	[0.673439995853086, 0.5866783762158477, 0.7529442304764136]	#010101
248	UniRef100_UPI0015882A93/212-381	[[ 0.8151272  0.9871502 -0.1079286]]	[0.6432666316879697, 0.674540440310708, 0.4584445977704063]	#010100
249	UniRef100_UPI001CFD2F21/1-223	[[-1.6828475 -0.7919388  0.765738 ]]	[0.26294171857932186, 0.35062954146191383, 0.6042411305851395]	#000001
250	UniRef100_UPI000B4E83A9/158-343	[[ 1.2731155  -0.88841265  1.8616624 ]]	[0.712996869196081, 0.33306496809546837, 0.7871277967847065]	#010001
251	UniRef100_UPI000B496687/158-344	[[ 0.84581435 -1.043787    0.6757207 ]]	[0.6479388523299312, 0.3047766444043868, 0.5892191385017246]	#010001
252	UniRef100_UPI001D05C22D/124-311	[[-0.20323499 -0.09830084  0.7350483 ]]	[0.48821762003943925, 0.47691714902161164, 0.5991196641560651]	#000001
253	UniRef100_UPI001D05C245/124-297	[[ 0.71195763  0.3426366  -0.21756844]]	[0.6275587247164932, 0.5571966847016037, 0.4401480209910019]	#010100
254	UniRef100_UPI00143F05B1/120-294	[[-0.18425687  0.16589469 -1.9245092 ]]	[0.4911071014414156, 0.5250180652500293, 0.15529561228205013]	#000100
255	UniRef100_UPI000F45EFA4/1-226	[[ 1.1106455 -1.3174006  1.9861678]]	[0.6882602766438862, 0.25496102563652906, 0.8079051224093817]	#010001
256	UniRef100_UPI0009636567/3-220	[[-0.62168694  1.2601733  -0.6945891 ]]	[0.42450692597076045, 0.7242485596091178, 0.36054333689148765]	#000100
257	UniRef100_UPI001D05C28B/124-309	[[ 1.3603652  1.0501364 -1.1300182]]	[0.7262809150915, 0.6860080704689516, 0.2878793937267865]	#010100
258	UniRef100_D3TI87/1-237	[[-0.75558275 -0.8957986   0.04835034]]	[0.4041208451544341, 0.33172023719943505, 0.48452425794498305]	#000000
259	UniRef100_UPI00178D0790/9-198	[[ 1.425023  -0.5830356  0.9690521]]	[0.736125280217986, 0.3886636264118014, 0.6381699604162789]	#010001
260	UniRef100_Q8WTC4/1-238	[[ 0.8589253  -0.11865252 -1.483596  ]]	[0.6499350356734793, 0.4732118085616979, 0.22887472682720655]	#010000
261	UniRef100_Q8WTC6/1-238	[[ 0.5371999  -1.2039206   0.21067593]]	[0.6009512837065628, 0.2756218246364823, 0.5116129744638469]	#010001
262	UniRef100_Q8WTC5/1-238	[[-0.64754856  1.0609553  -0.38233215]]	[0.42056940861027703, 0.6879778088799641, 0.41265243357186854]	#000100
263	UniRef100_UPI0001E3061D/126-310	[[0.99559885 2.7747452  0.0734821 ]]	[0.6707440389200077, 1.0, 0.4887182177701063]	#010100
264	UniRef100_UPI0001E3061E/126-310	[[ 1.7699039  1.2489681 -1.0404925]]	[0.788634544345481, 0.7222084788236898, 0.3028193449486801]	#010100
265	UniRef100_Q8WP95/1-238	[[-0.04594018  0.6145549   0.6164411 ]]	[0.5121662753343268, 0.6067036521561121, 0.5793266199877241]	#010101
266	UniRef100_UPI00142F3CE3/8-197	[[-0.85808873  1.0154395   0.9757246 ]]	[0.3885139702069783, 0.6796909519391642, 0.6392834602082127]	#000101
267	UniRef100_Q8WTC8/1-238	[[ 0.6635819 -0.805641   0.9379825]]	[0.6201933603928185, 0.34813483971206205, 0.6329851032972827]	#010001
268	UniRef100_UPI0006418883/9-198	[[-1.3166261  0.6771187 -0.9172284]]	[0.3187001428333093, 0.6180943745069686, 0.3233895293341238]	#000100
269	UniRef100_Q8WTD0/1-238	[[-0.6974106  0.8693066  0.5078405]]	[0.4129777499768043, 0.6530851805133783, 0.5612034773707472]	#000101
270	UniRef100_Q8WTC9/1-238	[[ 0.48768753  0.01600396 -0.3020125 ]]	[0.5934128590489192, 0.4977281194140917, 0.4260560880983577]	#010000
271	UniRef100_Q8WTC7/1-238	[[-1.8141693   0.29290867 -0.5811837 ]]	[0.24294754182814732, 0.5481429417819076, 0.379468307579386]	#000100
272	UniRef100_UPI00142F3CB0/8-197	[[1.0201379  0.50379586 0.7319264 ]]	[0.6744801910077887, 0.586538244916738, 0.5985986828025365]	#010101
273	UniRef100_UPI0019203BD9/8-244	[[-0.7894564  -0.4859141   0.38642937]]	[0.3989634657020736, 0.4063461062728513, 0.540942517803802]	#000001
274	UniRef100_UPI00022B80BB/2-184	[[ 1.3049996 -0.6053133  1.7048887]]	[0.7178513250014629, 0.3846076212934984, 0.7609655747871483]	#010001
275	UniRef100_UPI000FF874E1/3-239	[[-0.33357567  0.42754582  0.578175  ]]	[0.46837282012949233, 0.5726557345660345, 0.5729408211255775]	#000101
276	UniRef100_UPI000D503263/4-240	[[-0.98496985 -0.90114474  1.5881013 ]]	[0.36919589943385045, 0.33074689277048386, 0.7414762150929961]	#000001
277	UniRef100_UPI0006AB76EC/13-241	[[ 0.04762393 -0.36714324  0.20352292]]	[0.5264117203899668, 0.42797019536514724, 0.5104192888807936]	#010001
278	UniRef100_A0A5J6CYR9/1-238	[[-0.37867123  0.30687785  2.675193  ]]	[0.461506871448134, 0.5506862494396594, 0.9228889109839544]	#000101
279	UniRef100_A0A5J6CYN9/6-241	[[-0.8808678   0.33671767  1.215255  ]]	[0.3850457848492148, 0.5561190529819806, 0.6792560397809851]	#000101
280	UniRef100_UPI001493DEA5/4-231	[[ 0.9945798  -0.68806875 -0.51305026]]	[0.6705888835697263, 0.3695407014087531, 0.3908383374479093]	#010000
281	UniRef100_UPI00114D3DC4/64-255	[[-1.0411248  1.405566  -1.4521608]]	[0.36064611998549745, 0.7507195606017245, 0.23412058741415998]	#000100
282	UniRef100_UPI000C6F4430/26-238	[[-0.14536004  0.30378547  0.46252626]]	[0.49702927235235295, 0.5501232337194735, 0.5536414842998181]	#000101
283	UniRef100_A0A6N9ZS35/1-208	[[ 0.16940278  0.17569633 -0.02219072]]	[0.5449529526361726, 0.5268026069044568, 0.4727524424563129]	#010100
284	UniRef100_UPI0008FCAB2F/3-212	[[ 0.56315464 -0.0598437  -0.01545322]]	[0.6049029762239241, 0.4839188712920334, 0.47387678918804893]	#010000
285	UniRef100_UPI000C6F4465/53-245	[[ 0.95441455 -0.07381976  1.0967857 ]]	[0.6644735920275868, 0.4813743102334416, 0.6594860024643292]	#010001
286	UniRef100_UPI001302D406/1-199	[[0.5521944  1.2656319  0.21196327]]	[0.6032342462642563, 0.725242381677767, 0.5118278045471565]	#010101
287	UniRef100_A0A1V4T0E4/6-189	[[-2.238172  -0.2981624 -0.8747282]]	[0.17839171755566136, 0.4405292338002988, 0.33048191605755706]	#000000
288	UniRef100_A0A5J6CYI5/1-229	[[ 0.99806845 -0.45205832 -0.29469925]]	[0.6711200435774451, 0.41251008200909456, 0.4272765155407951]	#010000
289	UniRef100_UPI000B5ABD49/2-234	[[-1.2680615  1.1254652 -2.079254 ]]	[0.3260942567709334, 0.6997228367202214, 0.12947197793315673]	#000100
290	UniRef100_Q6RYS7/1-232	[[ 0.56293887 -0.4685896  -0.91888446]]	[0.6048701247079845, 0.40950030305170443, 0.32311316860467315]	#010000
291	UniRef100_A0A7M5UPI8/3-229	[[ 0.76857257 -0.02255581 -0.25366718]]	[0.6361785359738257, 0.4907077121113421, 0.4341239036633393]	#010000
292	UniRef100_G1JSF2/3-231	[[ 0.878718   -1.5421854  -0.32353872]]	[0.652948545160634, 0.21403543719033674, 0.4224638163793426]	#010000
293	UniRef100_A0A5J6CYK8/1-229	[[2.524908   0.70759517 1.1207024 ]]	[0.9035864272201345, 0.6236430877841146, 0.6634771988671677]	#010101
294	UniRef100_A0A7M5V224/3-229	[[ 1.7802019  -0.23507655  0.4718215 ]]	[0.7902024510062292, 0.45201499757589025, 0.5551926613454693]	#010001
295	UniRef100_A0A5J6CYV4/1-229	[[-1.3181349 -1.399807   1.1110301]]	[0.3184704181718469, 0.23995765480216608, 0.6618630986292293]	#000001
296	UniRef100_A0A7M5WQI9/3-229	[[1.327181   1.0876389  0.09186642]]	[0.7212285152900756, 0.692835968831969, 0.49178617348491077]	#010100
297	UniRef100_A0A7M5XGN4/3-229	[[ 0.8900143  0.5042416 -0.6962085]]	[0.654668439995127, 0.5866193958386572, 0.36027309341832164]	#010100
298	UniRef100_J9PGT0/3-229	[[0.34836626 0.7552502  0.05984171]]	[0.5722007350317966, 0.6323194322534784, 0.4864419251610291]	#010100
299	UniRef100_A0A5J6CYT5/1-229	[[-2.9978027  -0.17677695  0.8663412 ]]	[0.06273543283923205, 0.46262934933889677, 0.6210296768692157]	#000001
300	UniRef100_A0A7M5UKF9/3-229	[[ 0.32739103  0.24276754 -1.8088036 ]]	[0.5690071865322869, 0.5390139676819221, 0.17460443831511946]	#010100
301	UniRef100_G1JSF4/3-231	[[-0.2361217  -0.11241902 -0.8378383 ]]	[0.48321050904748897, 0.47434671418853663, 0.3366380641666962]	#000000
302	UniRef100_A0A7M5WWU1/3-229	[[-0.02217811 -1.0329554   0.64100665]]	[0.5157841279334588, 0.3067487051338387, 0.5834260968001796]	#010001
303	UniRef100_G1JSF3/3-231	[[ 0.6274674  -0.5382208  -0.24442647]]	[0.61469480614992, 0.39682285350602586, 0.4356659819119396]	#010000
304	UniRef100_D7PM05/5-232	[[-0.03092396  1.0721529  -1.2786976 ]]	[0.5144525445967496, 0.6900165006151106, 0.26306794149094026]	#010100
305	UniRef100_D7PM12/5-232	[[ 0.21911147 -1.5763085   0.75326604]]	[0.5525212658208182, 0.20782280128641684, 0.6021598211684281]	#010001
306	UniRef100_A0A7M5V407/7-234	[[-0.39394522 -0.14422    -0.5990045 ]]	[0.45918135619479405, 0.4685568501166564, 0.3764943860297861]	#000000
307	UniRef100_D7PM10/5-232	[[-1.5474069   0.7027332   0.99555844]]	[0.2835629962847658, 0.622757893788267, 0.6425933136220416]	#000101
308	UniRef100_D7PM06/5-232	[[ 1.3859574  -0.15034342  0.27017304]]	[0.730177413432081, 0.4674419853383139, 0.5215417886984695]	#010001
309	UniRef100_D7PM04/5-232	[[ 0.29038608  1.1319898  -1.6970613 ]]	[0.5633730607986092, 0.7009107568618107, 0.19325186460934285]	#010100
310	UniRef100_A0A7M6DMT2/54-281	[[ 0.24984358 -1.2916197   1.0378007 ]]	[0.5572003312848507, 0.25965484357709445, 0.6496426507760441]	#010001
311	UniRef100_A0A7M5TUN8/3-229	[[-1.460485    0.08471019 -1.1277924 ]]	[0.2967971478059761, 0.51023716085632, 0.2882508454644991]	#000100
312	UniRef100_A0A7M5WWD0/7-234	[[ 0.77966845 -1.220397   -1.2576222 ]]	[0.637867920643515, 0.27262204032994636, 0.2665849759310335]	#010000
313	UniRef100_A0A7M5X361/50-277	[[-0.8808564   0.17572096 -0.4079116 ]]	[0.38504751817505584, 0.5268070914749947, 0.4083837624026625]	#000100
314	UniRef100_J9PGG2/7-234	[[-0.10047583  0.35233212  0.27113992]]	[0.5038630410680975, 0.558961907162564, 0.5217031400363901]	#010101
315	UniRef100_A0A5J6CYI7/1-229	[[1.4967138  0.52945024 0.38843668]]	[0.7470404414140221, 0.5912090241561487, 0.541277494779245]	#010101
316	UniRef100_UPI0000D5BE58/2-173	[[0.46492392 1.4972693  0.56066805]]	[0.5899470241172962, 0.7674155760198353, 0.5700192792045872]	#010101
317	UniRef100_A0A5J6CYV7/1-229	[[-0.7759364  -0.16760528 -1.1241198 ]]	[0.4010219308008408, 0.4642991939645071, 0.28886372491691176]	#000000
318	UniRef100_UPI0000D5BE55/2-172	[[ 0.78055924 -1.8875707   0.06206525]]	[0.6380035465843208, 0.1511526534571747, 0.4868129864884828]	#010000
319	UniRef100_Q6RYS5/2-223	[[ 0.8638682  -1.8116765  -0.57263577]]	[0.6506876076386272, 0.16497038306056655, 0.3808947721708963]	#010000
320	UniRef100_Q6RYS6/40-259	[[0.96958935 0.97525954 1.813176  ]]	[0.6667840064735999, 0.6723755620390443, 0.7790364471898559]	#010101
321	UniRef100_J9PIH6/6-230	[[-1.3502218  -0.11842898 -0.87380654]]	[0.3135850892014853, 0.4732525061071549, 0.33063572277939324]	#000000
322	UniRef100_A0A7M5TYI8/7-231	[[ 0.2333699   0.00558547 -0.5728282 ]]	[0.5546921588803855, 0.4958312715522546, 0.38086266403547064]	#010000
323	UniRef100_J9PJD5/7-231	[[ 0.21994622  0.38720042 -1.6619622 ]]	[0.5526483589887338, 0.5653102250639105, 0.1991091723155301]	#010100
