taxa	z	colours
GFP_AEQVI/1-238	[ 3.0430527  -0.04591151  1.2991239 ]	#010101
UniRef100_UPI0011C34247/2-231	[ 2.8637218  -0.89763165  1.3173677 ]	#010001
UniRef100_UPI0011C34247/384-556	[ 2.197786  -0.4052206  1.8015774]	#010001
UniRef100_UPI0011C3426C/384-556	[2.2174177  0.11612219 1.860413  ]	#010101
UniRef100_UPI001C2E920B/3-240	[3.0992374 1.2062294 1.3076488]	#010101
UniRef100_UPI0000EA3547/2-239	[3.0260994  0.49823856 1.3664695 ]	#010101
UniRef100_UPI000B5ABD33/4-241	[ 3.0769026 -0.8930711  1.3485256]	#010001
UniRef100_UPI000B5ABDBE/1-238	[ 2.9170866  -0.03416045  1.2949027 ]	#010101
UniRef100_UPI000B5ABD69/1-238	[3.0323899 0.6833289 1.3280252]	#010101
UniRef100_UPI000B5ABD53/1-238	[ 2.9712021  -0.84679794  1.3108727 ]	#010001
UniRef100_UPI0009795733/1-238	[3.0144918  0.78918046 1.273088  ]	#010101
UniRef100_UPI00135F1855/1-238	[ 2.9694605 -0.8041699  1.3294724]	#010001
UniRef100_P42212/1-238	[2.9522696  0.03395291 1.3369135 ]	#010101
UniRef100_W6KDG8/1-238	[ 3.027355   -0.18459682  1.3172053 ]	#010001
UniRef100_UPI000B5ABDBC/1-238	[ 2.9438486  -0.27927414  1.2864395 ]	#010001
UniRef100_UPI0001986815/3-239	[3.0098555  0.96571404 1.2849368 ]	#010101
UniRef100_A0A2V2QXC3/1-238	[2.9507687 0.2609756 1.3470044]	#010101
UniRef100_UPI0002A54BBC/3-239	[ 2.8965435  -0.25095257  1.3598548 ]	#010001
UniRef100_Q8GHE4/1-238	[3.030366   0.37082317 1.3288804 ]	#010101
UniRef100_UPI000B5ABD1A/1-238	[3.0550807  0.12649114 1.2787046 ]	#010101
UniRef100_UPI000B5ABD2E/1-238	[ 2.845438   -0.46267235  1.3220667 ]	#010001
UniRef100_UPI000067C63B/3-239	[3.1856422  0.18717416 1.3078636 ]	#010101
UniRef100_A0A8E6TY54/1-238	[3.1142635 0.7390016 1.3055272]	#010101
UniRef100_UPI000B5ABD28/1-238	[ 2.977039   -0.78746134  1.3259596 ]	#010001
UniRef100_A0A6S7E9W3/1-238	[ 2.9160855 -0.0368762  1.3140407]	#010101
UniRef100_UPI000B5ABD5D/1-238	[2.889897   0.43948793 1.3393186 ]	#010101
UniRef100_A0A5P9VSM6/2-239	[ 3.0100567 -1.2010237  1.3367296]	#010001
UniRef100_A0A0U3A3D8/2-239	[2.9334965 0.6427504 1.3402399]	#010101
UniRef100_UPI0001D1F7C5/1-237	[ 2.9999523  -0.19057733  1.3327986 ]	#010001
UniRef100_A0A1V0D974/2-239	[ 2.9832993 -1.5743223  1.3455396]	#010001
UniRef100_UPI000B5ABDB8/1-238	[ 3.0595531  -0.03564814  1.2398851 ]	#010101
UniRef100_UPI000B8BB2ED/13-249	[2.9975386  0.49409664 1.3160443 ]	#010101
UniRef100_UPI0001AB2972/1-238	[ 2.8561165  -0.05764481  1.3275844 ]	#010101
UniRef100_UPI00001118CE/2-238	[ 3.0511456 -0.2416346  1.3122619]	#010001
UniRef100_UPI000B5ABD8B/2-238	[3.0058587 0.0111377 1.3496155]	#010101
UniRef100_A0A6N6XNT4/1-238	[2.7968597  0.04440079 1.2939312 ]	#010101
UniRef100_A0A193CK14/36-273	[2.9894323  0.49797368 1.317825  ]	#010101
UniRef100_UPI000B5ABD25/1-238	[ 3.0166018  -0.55137926  1.3026541 ]	#010001
UniRef100_UPI000B5ABD67/7-244	[2.9757512e+00 2.2637646e-03 1.2805357e+00]	#010101
UniRef100_J8VIQ3/1-238	[2.8029032  0.52386725 1.2924191 ]	#010101
UniRef100_UPI0010706A2B/2-238	[ 3.1316378  -0.16949053  1.336598  ]	#010001
UniRef100_UPI00157A33EC/1-238	[2.9542592  0.32132566 1.3172398 ]	#010101
UniRef100_UPI00027B2CE5/1-238	[2.9790869  0.16873159 1.3425854 ]	#010101
UniRef100_UPI0001AB2973/1-238	[ 2.9191444 -0.2457509  1.3247439]	#010001
UniRef100_UPI000DF72107/17-253	[ 3.157108   -0.46193638  1.2826797 ]	#010001
UniRef100_A0A6M3ZKY0/1-238	[2.9682302  0.33688936 1.3297976 ]	#010101
UniRef100_UPI0001986814/3-238	[3.1382618  0.00865295 1.3157777 ]	#010101
UniRef100_A0A193DTF7/1-238	[2.9115953  0.10519923 1.37538   ]	#010101
UniRef100_A0A059PIQ0/1-238	[ 3.0894248 -0.1562062  1.3382407]	#010001
UniRef100_UPI0010A1F85E/14-251	[2.8220222  0.33745015 1.309792  ]	#010101
UniRef100_Q8GHE3/1-238	[3.0824232  0.31751177 1.2959918 ]	#010101
UniRef100_UPI0001AF80B1/3-239	[ 3.107027   -0.24837577  1.3289931 ]	#010001
UniRef100_UPI0001BEF289/1-238	[ 3.0373547e+00 -2.1358032e-03  1.3192474e+00]	#010101
UniRef100_UPI0007414E7C/2-239	[3.1202781  0.46706042 1.3054497 ]	#010101
UniRef100_UPI0010FFADAB/4-240	[ 2.9777203 -0.8057801  1.2972301]	#010001
UniRef100_A0A059PIR9/1-238	[3.0595684  0.34492084 1.2730685 ]	#010101
UniRef100_UPI0000154552/3-238	[ 3.0106804  -0.09358251  1.3246382 ]	#010101
UniRef100_A0A4D6FW43/1-238	[2.8801155  0.41741633 1.3115659 ]	#010101
UniRef100_A0A6M5E0N3/2-239	[ 2.89869    -0.15956874  1.3129863 ]	#010001
UniRef100_UPI0003F4A88A/1-238	[ 2.8618782 -0.5746656  1.2889684]	#010001
UniRef100_UPI0015C551DC/1-238	[2.8921404  0.67605203 1.2977419 ]	#010101
UniRef100_UPI00090CD099/2-237	[ 3.0427077 -0.7585028  1.3305992]	#010001
UniRef100_K0NYR4/1-238	[3.0713832 0.2272213 1.3350769]	#010101
UniRef100_UPI000B5ABD1C/4-241	[3.001969  0.6269912 1.314354 ]	#010101
UniRef100_UPI0001A48A9C/1-238	[2.9423685 0.0500076 1.3098487]	#010101
UniRef100_UPI000B5ABDA7/1-238	[2.9995844 1.0317372 1.3456074]	#010101
UniRef100_UPI000745F1F2/25-262	[2.784541   0.91944695 1.3095808 ]	#010101
UniRef100_UPI00100D9C0B/15-252	[2.885783  1.0406357 1.3199977]	#010101
UniRef100_UPI0001986816/3-239	[ 3.071863   -0.97404593  1.270186  ]	#010001
UniRef100_UPI00019D0371/1-238	[2.8950539  0.00793016 1.3460544 ]	#010101
UniRef100_UPI00003E7814/3-239	[ 3.1521828 -0.5641267  1.3022298]	#010001
UniRef100_UPI0001AF80B2/3-239	[ 3.0106575  -0.30031234  1.363443  ]	#010001
UniRef100_UPI000B5ABD86/1-238	[ 2.9987643  -0.23760265  1.3107828 ]	#010001
UniRef100_UPI001262AC63/15-252	[ 2.8455174 -0.7297942  1.3384122]	#010001
UniRef100_UPI0000458519/1-238	[2.868139   0.68563503 1.3147689 ]	#010101
UniRef100_UPI00001556FA/1-238	[2.8770254  0.67653847 1.3024106 ]	#010101
UniRef100_UPI0014612D4E/4-241	[ 3.0817003 -0.8874677  1.3143975]	#010001
UniRef100_UPI000B5ABD65/4-241	[ 2.9137456 -0.4900364  1.3012503]	#010001
UniRef100_UPI0003C712F7/1-238	[2.8661554  0.34182587 1.2577146 ]	#010101
UniRef100_A0A059PIU2/1-238	[ 2.9115956 -1.65072    1.3225302]	#010001
UniRef100_A0A5J6XWW3/2-239	[2.896917   0.11593779 1.31728   ]	#010101
UniRef100_UPI000C255C2F/13-249	[2.86079   0.2603142 1.3054498]	#010101
UniRef100_UPI0001A48A37/1-238	[ 3.0102396  -0.42898956  1.3562654 ]	#010001
UniRef100_A0A125NTU3/3-239	[2.8891668  0.27181742 1.2567161 ]	#010101
UniRef100_UPI0007414E7B/2-239	[ 3.0228035 -0.4658923  1.3282285]	#010001
UniRef100_UPI00026BAC74/2-239	[ 2.820461   -0.67846775  1.2976619 ]	#010001
UniRef100_UPI000C81099F/23-260	[ 2.9161093  -0.31902048  1.327036  ]	#010001
UniRef100_UPI0000F58EE9/3-239	[ 3.0582762  -0.05514944  1.3762074 ]	#010101
UniRef100_UPI0004D1BB55/1-238	[ 2.995347   -0.10269582  1.2470789 ]	#010101
UniRef100_UPI00001556F9/1-238	[ 2.8288276  -0.18039463  1.2559234 ]	#010001
UniRef100_UPI000B5ABD6A/1-238	[3.0461605 0.286127  1.3075335]	#010101
UniRef100_UPI0001AB2976/3-239	[ 3.0146778  -0.53599674  1.3174824 ]	#010001
UniRef100_UPI001C9A2BD2/625-861	[ 2.9935777 -0.9166856  1.2715007]	#010001
UniRef100_UPI00194ADA79/35-272	[2.885868  0.3673778 1.308801 ]	#010101
UniRef100_UPI000718AB89/4-238	[ 3.0427144  -0.56962234  1.3068656 ]	#010001
UniRef100_A0A5J6CYR6/1-238	[ 2.9281845 -0.2764955  1.2917213]	#010001
UniRef100_UPI0002A54BF8/22-259	[ 3.0776641 -0.797492   1.2823869]	#010001
UniRef100_UPI0001AB2977/3-239	[ 3.1456583 -0.6596536  1.3070143]	#010001
UniRef100_UPI0001A48AA0/3-239	[2.9750338  0.26560405 1.3213698 ]	#010101
UniRef100_A0A7S7YQ80/2-239	[2.9298913  0.19173117 1.3028711 ]	#010101
UniRef100_UPI0002A54BB4/6-243	[2.8870752 0.5982508 1.2791117]	#010101
UniRef100_UPI000175260A/1-238	[3.0642178  0.05079337 1.3473803 ]	#010101
UniRef100_UPI000718AB72/2-238	[2.9069958 1.2145501 1.323323 ]	#010101
UniRef100_UPI0001AF80B3/3-239	[2.9863548 0.3121604 1.3197513]	#010101
UniRef100_UPI001C717BE3/687-922	[2.9951465 0.5795775 1.3396486]	#010101
UniRef100_UPI0001AB2962/3-239	[2.9722278  0.09857736 1.3400855 ]	#010101
UniRef100_UPI0018FE02FF/25-262	[ 2.830712   -0.02802595  1.3167951 ]	#010101
UniRef100_UPI0007414E42/2-239	[ 2.9378378  -0.95021266  1.3424603 ]	#010001
UniRef100_UPI00026BAC78/2-239	[ 2.8477018 -0.6406174  1.3212773]	#010001
UniRef100_UPI000B5ABD56/12-248	[ 2.9627583  -0.13152277  1.2855211 ]	#010001
UniRef100_UPI000C255C22/13-249	[3.019501  0.3160443 1.274386 ]	#010101
UniRef100_UPI0013F595F6/37-274	[2.9607298 0.8942041 1.3025588]	#010101
UniRef100_UPI000153639E/2-239	[ 2.9475143  -0.41090477  1.276965  ]	#010001
UniRef100_UPI000259F50B/2-239	[2.9015625  0.03152345 1.2746941 ]	#010101
UniRef100_UPI00194ADAB5/35-272	[2.8388221 1.2700548 1.2638273]	#010101
UniRef100_UPI001D198A42/1-238	[2.850544   0.11094102 1.2895274 ]	#010101
UniRef100_UPI0008595909/1-236	[2.9448922  0.01173055 1.2991368 ]	#010101
UniRef100_UPI0013F595FA/37-274	[ 2.9485283 -0.2528412  1.2924612]	#010001
UniRef100_UPI00076F13AC/1-235	[ 3.0003204 -0.5648494  1.3166165]	#010001
UniRef100_UPI00028BC7E8/817-1054	[ 2.9828312 -0.6182238  1.3082331]	#010001
UniRef100_UPI000B5ABD24/12-248	[2.9091358 0.9557186 1.2935092]	#010101
UniRef100_UPI00194ADAC1/35-272	[ 2.8588212  -0.23248442  1.323221  ]	#010001
UniRef100_UPI000B5ABD84/1-238	[2.812043   0.36819825 1.2608107 ]	#010101
UniRef100_UPI0006AD099E/35-272	[ 2.8369057  -0.56955093  1.2779315 ]	#010001
UniRef100_UPI000255FF86/2-239	[2.817355   0.50800836 1.2991782 ]	#010101
UniRef100_UPI00194ADAD2/35-272	[2.850446   0.29075864 1.2728139 ]	#010101
UniRef100_UPI0002250D5D/19-256	[ 2.8515015 -0.882046   1.3015785]	#010001
UniRef100_UPI000292D3B7/2-239	[ 2.9082851 -1.1716905  1.3044778]	#010001
UniRef100_UPI00194ADA9D/35-272	[ 2.721547  -1.1572789  1.2672099]	#010001
UniRef100_UPI00194ADA50/35-272	[ 2.8734214  -0.07840065  1.2502574 ]	#010101
UniRef100_UPI000C81095A/4-241	[ 2.8627691  -0.18806732  1.3085313 ]	#010001
UniRef100_UPI00194ADA2C/35-272	[ 2.9508228  -0.00424349  1.3268446 ]	#010101
UniRef100_UPI00194ADA88/35-272	[2.9164972  0.17518707 1.3071133 ]	#010101
UniRef100_UPI000277548C/2-239	[2.8799832  0.09842965 1.2569548 ]	#010101
UniRef100_UPI000255FF87/2-239	[2.9811451  0.03958577 1.315044  ]	#010101
UniRef100_UPI00026BAC72/2-239	[2.9139888 0.2641467 1.2812346]	#010101
UniRef100_UPI00194ADA6B/35-272	[ 2.7749565 -0.5808994  1.243902 ]	#010001
UniRef100_A0A6I4B616/1-238	[ 2.9722493  -0.26389962  1.2646823 ]	#010001
UniRef100_UPI000B5ABD91/2-238	[ 2.9578993  -0.29621187  1.3115535 ]	#010001
UniRef100_UPI000C210336/2-239	[ 2.758897   -0.04616441  1.3248291 ]	#010101
UniRef100_UPI00194ADA7E/35-272	[2.750786  1.0275383 1.2651652]	#010101
UniRef100_UPI00194ADA8C/35-272	[2.6683247 1.1640748 1.3025143]	#010101
UniRef100_UPI00194ADA9B/35-272	[2.9259167  0.13528152 1.2756774 ]	#010101
UniRef100_UPI0007A93650/2-239	[ 2.8356469  -0.26278898  1.2715427 ]	#010001
UniRef100_UPI000255FFC7/2-239	[2.94308    0.15940659 1.2954873 ]	#010101
UniRef100_UPI00194ADA74/35-272	[ 2.8476756  -0.09709466  1.2831088 ]	#010101
UniRef100_UPI00004CCFAC/3-239	[3.0573921 0.4012679 1.3377867]	#010101
UniRef100_UPI001D0F4A03/2-239	[ 2.8288183 -0.4309305  1.2882295]	#010001
UniRef100_UPI00194ADA57/35-272	[2.86874   0.8493945 1.2272791]	#010101
UniRef100_UPI00004CCFAB/3-239	[3.010444  0.5206086 1.3087436]	#010101
UniRef100_UPI0001AB296D/1-238	[3.1157982  0.17226066 1.2980167 ]	#010101
UniRef100_UPI00194ADAC5/35-272	[2.9143372  0.15255497 1.2753577 ]	#010101
UniRef100_UPI0001AB2961/3-239	[2.9089642 1.2048945 1.31539  ]	#010101
UniRef100_UPI001C0A674F/14-251	[ 2.8285015  -0.23553872  1.3288578 ]	#010001
UniRef100_UPI00194ADA7C/35-272	[2.7494116  0.53448945 1.3251805 ]	#010101
UniRef100_UPI00194ADAC0/35-272	[ 2.7286842 -0.5586405  1.2908306]	#010001
UniRef100_UPI00004CCFAD/3-239	[ 2.9583836 -0.2800173  1.3235029]	#010001
UniRef100_UPI0010C76176/1-233	[2.8362398 0.183796  1.3252279]	#010101
UniRef100_UPI00194ADA1D/35-272	[2.7598658  0.41881442 1.338356  ]	#010101
UniRef100_UPI0001AB296E/1-238	[2.9196966  0.26401234 1.2241751 ]	#010101
UniRef100_UPI00194ADA90/35-272	[2.7506282 1.3943456 1.2286261]	#010101
UniRef100_UPI00025C06C1/2-239	[2.7147362  0.18152599 1.3026072 ]	#010101
UniRef100_A0A7S7YQ81/252-489	[ 2.9792054  -0.04247069  1.3308092 ]	#010101
UniRef100_UPI0001F2FE6F/2-239	[ 3.0829372  -0.06370696  1.286935  ]	#010101
UniRef100_UPI00194ADAA6/35-272	[ 2.7502782  -0.41385543  1.2672497 ]	#010001
UniRef100_UPI000225A884/15-252	[ 2.8968494  -0.00806579  1.2920971 ]	#010101
UniRef100_I1YZZ9/32-266	[ 3.1263258 -0.6815519  1.3509493]	#010001
UniRef100_UPI00194ADACE/35-272	[2.751063   0.02505797 1.2839462 ]	#010101
UniRef100_UPI00051FF3EB/1-238	[ 2.786576   -0.15610568  1.2652632 ]	#010001
UniRef100_UPI00194ADA40/35-272	[ 2.821455   -0.05107691  1.3027253 ]	#010101
UniRef100_Q17105/1-238	[2.8823173 1.9116751 1.2487026]	#010101
UniRef100_UPI0001C67B2F/7-244	[ 2.7795594  -0.07099473  1.2997562 ]	#010101
UniRef100_UPI000C810988/4-241	[2.8876603  0.02506089 1.2719897 ]	#010101
UniRef100_UPI000C6C8871/1-236	[2.886365   0.05463861 1.3163658 ]	#010101
UniRef100_UPI000F044F5E/103-335	[2.9914587  0.28467646 1.332618  ]	#010101
UniRef100_UPI00006833D0/3-237	[ 3.0478315  -0.67948216  1.3381691 ]	#010001
UniRef100_UPI00027B2CE7/1-237	[3.0619726  0.26437375 1.227322  ]	#010101
UniRef100_UPI000B5ABD7B/13-243	[ 3.1253014  -0.02656923  1.3339443 ]	#010101
UniRef100_UPI001CEFB137/4-234	[2.7847707 1.1606357 1.2851992]	#010101
UniRef100_U6M5D0/29-266	[ 2.8833027  -0.54852706  1.2272916 ]	#010001
UniRef100_UPI00194ADA6C/35-272	[ 2.7180164 -0.4648238  1.1578944]	#010001
UniRef100_UPI000B5ABD22/13-250	[2.9328492 0.2385739 1.2992879]	#010101
UniRef100_UPI00194ADA5D/35-272	[2.8638537  0.33861914 1.2504305 ]	#010101
UniRef100_UPI000B5ABD9E/790-1025	[2.9641511 0.7152893 1.25539  ]	#010101
UniRef100_UPI00028BC767/4-234	[2.8583267  0.30750105 1.3054996 ]	#010101
UniRef100_UPI000E5587D0/1-231	[ 3.0589168 -0.5364566  1.2885967]	#010001
UniRef100_UPI0009E0E32B/8-244	[ 2.933281  -1.188269   1.1838102]	#010001
UniRef100_UPI00194ADA6A/35-272	[2.8797166  0.07983592 1.1966339 ]	#010101
UniRef100_UPI0001E30607/4-234	[2.842355   0.12471485 1.2819518 ]	#010101
UniRef100_UPI00194ADAD4/35-272	[ 2.9319127  -0.20712857  1.2804953 ]	#010001
UniRef100_UPI000B5ABDC0/13-250	[ 3.0100658  -0.55746675  1.2737846 ]	#010001
UniRef100_UPI00078AF321/4-233	[ 2.9530156 -0.7425249  1.3184003]	#010001
UniRef100_UPI0002B4DC8D/4-235	[ 2.9374912 -0.5094714  1.3041297]	#010001
UniRef100_UPI00078AF337/4-235	[2.8820045 0.8184524 1.3730265]	#010101
UniRef100_UPI00082357E6/1-231	[ 2.8560045 -0.043537   1.2537283]	#010101
UniRef100_UPI00052E496B/54-291	[2.9351625 0.1709042 1.3124748]	#010101
UniRef100_UPI000B5ABD32/2-231	[3.1533947 0.7661195 1.3561888]	#010101
UniRef100_UPI001E1C2253/878-1109	[2.9632225  0.59905654 1.3148177 ]	#010101
UniRef100_UPI000E558788/1-231	[2.9238288  0.39205563 1.3051229 ]	#010101
UniRef100_UPI0010933757/1-230	[ 3.1613655  -0.27491784  1.3365158 ]	#010001
UniRef100_UPI000E6AE39A/1-230	[ 3.0783355  -0.14731883  1.3270754 ]	#010001
UniRef100_UPI00035AC992/4-234	[ 2.8632057  -0.36646357  1.27838   ]	#010001
UniRef100_UPI0006730543/151-379	[ 2.9076087  -0.21789777  1.3354282 ]	#010001
UniRef100_Q17106/1-238	[2.739915   0.96796256 1.2275972 ]	#010101
UniRef100_UPI0001A48AA1/13-247	[2.9246635  0.64618045 1.2881788 ]	#010101
UniRef100_UPI0001A48A3A/1-228	[ 3.135793   -0.06214164  1.3200049 ]	#010101
UniRef100_UPI000766E156/1-229	[ 2.9599216  -0.48000607  1.3294587 ]	#010001
UniRef100_UPI00109337F7/1-230	[3.179711   0.03873016 1.292653  ]	#010101
UniRef100_UPI000B5ABD3F/3-230	[3.0486622 0.8680446 1.366198 ]	#010101
UniRef100_UPI000E6AE36D/1-230	[ 3.037635   -0.03836212  1.3168651 ]	#010101
UniRef100_UPI00001CE540/1-229	[ 2.9403172  -0.26345134  1.3769928 ]	#010001
UniRef100_UPI0002D257B2/20-257	[ 3.0418375 -1.0109884  1.3013045]	#010001
UniRef100_UPI0008101732/13-250	[ 2.693795   -0.09561812  1.303698  ]	#010101
UniRef100_UPI000789C189/4-233	[ 2.9523375  -0.44369006  1.2846828 ]	#010001
UniRef100_UPI00187D6E10/27-254	[ 2.9104388  -0.94883156  1.321836  ]	#010001
UniRef100_UPI000B5ABDA4/3-230	[ 3.0342324  -0.56796443  1.3925363 ]	#010001
UniRef100_Q6YGZ0/1-238	[ 2.548907   -0.38744864  1.1706105 ]	#010001
UniRef100_UPI0001AB295F/1-229	[2.8834877 0.8981845 1.3662224]	#010101
UniRef100_UPI0004DB2145/2-230	[ 3.1150293  -0.16437937  1.3297433 ]	#010001
UniRef100_UPI00003E569F/1-238	[ 2.746884  -0.3683053  1.2147492]	#010001
UniRef100_UPI000B5ABD71/2-231	[3.0877512 0.409161  1.3054396]	#010101
UniRef100_UPI00001CE53F/3-230	[2.9945717 0.511031  1.3640436]	#010101
UniRef100_UPI0000D5BE2E/3-230	[2.9547243 0.5848182 1.3506972]	#010101
UniRef100_UPI0005841C9D/1-238	[ 2.7005062  -0.20734882  1.2173916 ]	#010001
UniRef100_UPI00065B461A/790-1021	[ 2.9111388  -0.69860107  1.2769026 ]	#010001
UniRef100_UPI000B5ABD27/1-227	[ 2.9880342  -0.01243092  1.2898885 ]	#010101
UniRef100_UPI0012B50503/200-369	[1.6715654e+00 2.8627118e-04 2.0658538e+00]	#010101
UniRef100_UPI0010FFCD2E/5-243	[2.9204092 0.3801603 1.280789 ]	#010101
UniRef100_UPI0010FFCD76/5-243	[ 2.860714  -1.0740422  1.2817503]	#010001
UniRef100_UPI00142F3CBD/2-229	[3.060566  1.0685372 1.299544 ]	#010101
UniRef100_UPI0002A54BFD/1-227	[2.9480574  0.35729456 1.3333181 ]	#010101
UniRef100_UPI000FF8754F/176-345	[ 1.5111853  -0.35490468  2.0077229 ]	#010001
UniRef100_UPI000B5ABD2C/3-230	[ 3.1012945  -0.29054356  1.3710899 ]	#010001
UniRef100_UPI00001BFB56/1-238	[2.5956945e+00 1.0263920e-04 1.1795360e+00]	#010101
UniRef100_UPI00142602D2/2-229	[ 3.157938  -0.9995074  1.2660333]	#010001
UniRef100_UPI0001A48A9D/1-228	[ 3.0318444  -0.40860263  1.3415285 ]	#010001
UniRef100_A0A348GST3/2-239	[ 2.4734755 -0.6876387  1.1329052]	#010001
UniRef100_UPI000B5ABDA3/1-172	[2.099764  0.5454083 1.6955792]	#010101
UniRef100_UPI0003B05A3D/3-241	[2.8314068  0.15665637 1.2532259 ]	#010101
UniRef100_UPI000FF8750E/1-234	[ 2.6303196  -0.13738328  1.2403845 ]	#010001
UniRef100_UPI00022F83CA/311-492	[1.6635963  0.03266766 1.7341009 ]	#010101
UniRef100_UPI0005AECEC6/4-241	[2.9114945 0.5894546 1.1384288]	#010101
UniRef100_UPI000B5ABD99/2-229	[3.0702178  0.12646498 1.3166366 ]	#010101
UniRef100_UPI001CEFB14C/190-359	[ 1.5236827 -0.2217666  1.9749641]	#010001
UniRef100_UPI000B5ABD96/122-308	[1.457366   0.12325427 2.5164044 ]	#010101
UniRef100_UPI000B4966A5/159-346	[1.6019559 0.3943951 2.5102587]	#010101
UniRef100_UPI000B4E83C3/160-345	[1.8338951 0.7564275 2.5393245]	#010101
UniRef100_UPI000B4E83E8/159-346	[1.5337238 0.335166  2.6380346]	#010101
UniRef100_UPI0015882A93/212-381	[1.4136578  0.24852294 2.275596  ]	#010101
UniRef100_UPI001CFD2F21/1-223	[ 3.2669249  -0.03594295  1.0929546 ]	#010101
UniRef100_UPI000B4E83A9/158-343	[1.5723286  0.53480405 2.577054  ]	#010101
UniRef100_UPI000B496687/158-344	[ 1.6623526  -0.46337295  2.5197427 ]	#010001
UniRef100_UPI001D05C22D/124-311	[1.5448176  0.20932378 2.5049784 ]	#010101
UniRef100_UPI001D05C245/124-297	[ 1.7183396  -0.05023938  2.4971867 ]	#010101
UniRef100_UPI00143F05B1/120-294	[ 1.9934912  -0.57499033  2.1401734 ]	#010001
UniRef100_UPI000F45EFA4/1-226	[3.1678684 0.5587651 1.349759 ]	#010101
UniRef100_UPI0009636567/3-220	[3.003852   0.05940801 1.451711  ]	#010101
UniRef100_UPI001D05C28B/124-309	[1.6424552  0.22495444 2.4543893 ]	#010101
UniRef100_D3TI87/1-237	[ 2.2185497  -0.19607098  1.0283957 ]	#010001
UniRef100_UPI00178D0790/9-198	[3.3449001 0.5447254 0.8518867]	#010101
UniRef100_Q8WTC4/1-238	[ 2.1533773  -0.26759335  1.0525514 ]	#010001
UniRef100_Q8WTC6/1-238	[2.2291007  0.45531645 0.91097784]	#010101
UniRef100_Q8WTC5/1-238	[2.0103705  0.20115809 1.0483427 ]	#010101
UniRef100_UPI0001E3061D/126-310	[ 1.679441   -0.34163153  2.3893485 ]	#010001
UniRef100_UPI0001E3061E/126-310	[ 1.9197358 -0.4777883  2.4774477]	#010001
UniRef100_Q8WP95/1-238	[1.9446276 0.69842   1.1347408]	#010101
UniRef100_UPI00142F3CE3/8-197	[ 3.3105896  -0.11533802  0.8922267 ]	#010101
UniRef100_Q8WTC8/1-238	[1.9450469  0.13837497 1.111758  ]	#010101
UniRef100_UPI0006418883/9-198	[3.3363714  0.4418346  0.84508085]	#010101
UniRef100_Q8WTD0/1-238	[ 2.0092626  -0.13380133  0.9558031 ]	#010001
UniRef100_Q8WTC9/1-238	[ 2.0739625  -0.38264713  1.110684  ]	#010001
UniRef100_Q8WTC7/1-238	[ 2.0329015 -1.2855188  0.978841 ]	#010001
UniRef100_UPI00142F3CB0/8-197	[3.3422954  0.24891488 0.81604224]	#010101
UniRef100_UPI0019203BD9/8-244	[ 1.9126496  -0.12769444  1.0157312 ]	#010001
UniRef100_UPI00022B80BB/2-184	[ 3.3033574  -0.6434489   0.87025356]	#010001
UniRef100_UPI000FF874E1/3-239	[ 2.4102662 -0.4568403  1.1174105]	#010001
UniRef100_UPI000D503263/4-240	[ 2.0912592 -0.1920495  0.9033558]	#010001
UniRef100_UPI0006AB76EC/13-241	[2.7452433  0.42562035 1.2170948 ]	#010101
UniRef100_A0A5J6CYR9/1-238	[ 1.4783472  -0.68065643  0.978622  ]	#010001
UniRef100_A0A5J6CYN9/6-241	[ 2.0795543 -0.3831588  0.8208154]	#010001
UniRef100_UPI001493DEA5/4-231	[2.5321968  0.35388994 1.0543995 ]	#010101
UniRef100_UPI00114D3DC4/64-255	[2.6957762 0.7260478 1.6457295]	#010101
UniRef100_UPI000C6F4430/26-238	[ 2.848746  -0.7489824  1.4819765]	#010001
UniRef100_A0A6N9ZS35/1-208	[ 3.2344558 -0.1428581  1.0461478]	#010001
UniRef100_UPI0008FCAB2F/3-212	[3.2516463 0.5660202 1.0191826]	#010101
UniRef100_UPI000C6F4465/53-245	[2.728658   0.05768858 1.6172681 ]	#010101
UniRef100_UPI001302D406/1-199	[2.8226051  0.52002126 1.6250864 ]	#010101
UniRef100_A0A1V4T0E4/6-189	[ 2.610457   -0.17104252  1.7893687 ]	#010001
UniRef100_A0A5J6CYI5/1-229	[-0.19108133 -0.41134906 -1.1263767 ]	#000000
UniRef100_UPI000B5ABD49/2-234	[-0.55739164  0.36498225 -1.3784142 ]	#000100
UniRef100_Q6RYS7/1-232	[-0.8275766  -0.07375843 -1.7991447 ]	#000100
UniRef100_A0A7M5UPI8/3-229	[ 0.20653236  0.37154707 -1.6182384 ]	#000100
UniRef100_G1JSF2/3-231	[-0.03282063  0.26913884 -1.5473424 ]	#000100
UniRef100_A0A5J6CYK8/1-229	[-0.6053149  -0.04613233 -1.8570491 ]	#000100
UniRef100_A0A7M5V224/3-229	[ 0.00244204 -0.7990033  -1.4255066 ]	#000000
UniRef100_A0A5J6CYV4/1-229	[-0.43186554  0.4065167  -1.4908786 ]	#000100
UniRef100_A0A7M5WQI9/3-229	[-0.0406711 -0.8093607 -1.6712888]	#000000
UniRef100_A0A7M5XGN4/3-229	[-0.4953448   0.87275463 -1.0686504 ]	#000100
UniRef100_J9PGT0/3-229	[ 0.02503159  0.19742529 -1.1779478 ]	#000100
UniRef100_A0A5J6CYT5/1-229	[-0.5392378  0.5275481 -1.4190297]	#000100
UniRef100_A0A7M5UKF9/3-229	[ 0.25897613  0.26571357 -1.5055519 ]	#000100
UniRef100_G1JSF4/3-231	[ 0.15331656  0.12397903 -1.2673756 ]	#000100
UniRef100_A0A7M5WWU1/3-229	[-0.19370349  0.52687097 -1.379889  ]	#000100
UniRef100_G1JSF3/3-231	[-0.31807876 -0.20872621 -1.4057916 ]	#000000
UniRef100_D7PM05/5-232	[ 2.4385433  0.6448727 -2.2234375]	#010100
UniRef100_D7PM12/5-232	[ 2.4631271  0.3864293 -2.2302172]	#010100
UniRef100_A0A7M5V407/7-234	[ 2.176327    0.25348687 -1.8747331 ]	#010100
UniRef100_D7PM10/5-232	[ 2.5020587 -0.7853446 -2.2272596]	#010000
UniRef100_D7PM06/5-232	[ 2.47371    1.0166839 -2.2104404]	#010100
UniRef100_D7PM04/5-232	[ 2.4820533  0.3646892 -2.2224329]	#010100
UniRef100_A0A7M6DMT2/54-281	[ 2.4022315  1.25429   -2.0885823]	#010100
UniRef100_A0A7M5TUN8/3-229	[-0.03511116 -0.44576013 -0.9479286 ]	#000000
UniRef100_A0A7M5WWD0/7-234	[ 2.1862493   0.24131083 -1.8230597 ]	#010100
UniRef100_A0A7M5X361/50-277	[ 2.2501707  0.1626632 -2.0586646]	#010100
UniRef100_J9PGG2/7-234	[ 2.3200536  0.0276564 -1.962978 ]	#010100
UniRef100_A0A5J6CYI7/1-229	[-0.6333576  1.1129476 -0.9816329]	#000100
UniRef100_UPI0000D5BE58/2-173	[3.2620783  0.79676795 0.78069925]	#010101
UniRef100_A0A5J6CYV7/1-229	[ 0.11837264 -1.0113062  -1.3087821 ]	#000000
UniRef100_UPI0000D5BE55/2-172	[3.2584956  0.65775293 0.81608254]	#010101
UniRef100_Q6RYS5/2-223	[ 3.1822422   0.03089112 -1.211181  ]	#010100
UniRef100_Q6RYS6/40-259	[ 2.9591465   0.61625093 -1.2371615 ]	#010100
UniRef100_J9PIH6/6-230	[ 3.036938    0.08628058 -0.5987236 ]	#010101
UniRef100_A0A7M5TYI8/7-231	[ 3.65732     0.53194296 -0.01080055]	#010101
UniRef100_J9PJD5/7-231	[3.5656025  0.9281437  0.00734972]	#010101
N0_tree_1	[-1.0765631   0.90875727 -3.8387573 ]	#000100
N1_tree_1	[-1.4047877   0.69887924 -4.1908617 ]	#000100
N2_tree_1	[-1.3387972 -0.727649  -3.87346  ]	#000000
N3_tree_1	[-0.20619678  0.3052387  -1.7522959 ]	#000100
N4_tree_1	[-0.3060913  1.1379522 -1.4708366]	#000100
N8_tree_1	[-0.17639218 -0.31544745 -1.2497578 ]	#000000
N9_tree_1	[ 0.11657592 -0.09562266 -1.4040533 ]	#000100
N10_tree_1	[-0.92556953  1.68408    -3.4512794 ]	#000100
N11_tree_1	[-0.36151013  0.38544774 -1.5094057 ]	#000100
N12_tree_1	[-0.12806092  1.2475669  -1.4054742 ]	#000100
N13_tree_1	[ 2.0751123  -0.30477563 -2.2339535 ]	#010000
N14_tree_1	[ 2.4439514 -0.3146013 -2.1611106]	#010000
N19_tree_1	[ 2.3112133  0.8457102 -2.09467  ]	#010100
N21_tree_1	[ 2.1924438   0.70986575 -1.897881  ]	#010100
N22_tree_1	[-0.32233453  0.86447483 -3.161864  ]	#000100
N23_tree_1	[-0.9146047  1.1981945 -2.3299801]	#000100
N24_tree_1	[-0.20424823 -0.10048914 -1.7849096 ]	#000100
N25_tree_1	[-0.28243336  0.36455652 -1.5342408 ]	#000100
N26_tree_1	[-0.38258135 -0.06919176 -1.4838096 ]	#000100
N27_tree_1	[ 3.2376935   0.35577548 -1.8411692 ]	#010100
N28_tree_1	[ 3.6288502  0.2114591 -1.4840475]	#010100
N29_tree_1	[ 3.797456   -0.46359286 -0.6320756 ]	#010001
N30_tree_1	[ 3.5332193  -0.48914102 -0.00722278]	#010001
N31_tree_1	[-1.175388    0.13226606 -3.8927033 ]	#000100
N32_tree_1	[-1.1152178   0.44086632 -3.6170952 ]	#000100
N33_tree_1	[-0.41252732 -0.46591485 -1.5033951 ]	#000000
N34_tree_1	[ 2.7890599  -0.56280404  1.1756675 ]	#010001
N35_tree_1	[ 2.7727444 -0.265734   1.2867483]	#010001
N45_tree_1	[3.0955791  0.22773898 1.3222939 ]	#010101
N47_tree_1	[3.018205   0.68793154 1.3152629 ]	#010101
N51_tree_1	[ 2.9619772  -0.35360965  1.3090717 ]	#010001
N52_tree_1	[ 2.8941479  -0.32682663  1.3054255 ]	#010001
N79_tree_1	[ 2.9653504  -0.22218525  1.2822074 ]	#010001
N80_tree_1	[ 3.048232   -0.91491336  1.3494177 ]	#010001
N82_tree_1	[2.9041758 0.4269639 1.3196058]	#010101
N85_tree_1	[3.2026017  0.40889814 1.2715262 ]	#010101
N86_tree_1	[2.969803  1.2494054 1.2733346]	#010101
N88_tree_1	[ 3.0540116 -1.0160222  1.2635254]	#010001
N94_tree_1	[2.5528653  0.45211253 1.1128922 ]	#010101
N95_tree_1	[ 3.0197856  -0.23020677  1.3074006 ]	#010001
N96_tree_1	[3.2078912 1.3038478 1.123013 ]	#010101
N97_tree_1	[ 2.837198  -2.1466732  1.337057 ]	#010001
N98_tree_1	[1.1420747  0.06021086 2.0947797 ]	#010101
N103_tree_1	[3.0003586  0.36423504 1.3786448 ]	#010101
N108_tree_1	[ 2.897704  -0.4337975  1.3162388]	#010001
N118_tree_1	[3.0631611 0.2780833 1.3843254]	#010101
N119_tree_1	[ 2.990186   -0.12330133  1.3776026 ]	#010001
N120_tree_1	[2.9404843  0.75927067 1.3340572 ]	#010101
N129_tree_1	[ 2.772597  -0.7364108  1.312858 ]	#010001
N130_tree_1	[ 2.8799865  -0.61981964  1.3078066 ]	#010001
N136_tree_1	[ 2.940026   -0.18657218  1.3438953 ]	#010001
N137_tree_1	[3.1397998  0.28793243 1.3638836 ]	#010101
N139_tree_1	[3.0638275  0.19997425 1.3692483 ]	#010101
N140_tree_1	[2.7605374  0.17727089 1.8345791 ]	#010101
N141_tree_1	[2.9147348  0.54379445 1.8040644 ]	#010101
N157_tree_1	[ 1.5107918 -0.741563   2.5670834]	#010001
N164_tree_1	[2.9531167  0.59958535 1.3260871 ]	#010101
N170_tree_1	[3.0136998  0.02858279 1.3593044 ]	#010101
N173_tree_1	[3.0529802  0.31532833 1.3503121 ]	#010101
N182_tree_1	[ 3.1350143 -0.7592139  1.3272285]	#010001
N183_tree_1	[2.9028065  0.36244634 1.296605  ]	#010101
N185_tree_1	[ 2.9903266  -0.11896688  1.3450717 ]	#010001
N186_tree_1	[ 3.0101414  -0.28173286  1.3053694 ]	#010001
N191_tree_1	[ 3.0876808  -0.43621817  1.3288043 ]	#010001
N198_tree_1	[3.1514428  0.12262838 1.3119102 ]	#010101
N199_tree_1	[ 2.9788277 -1.2285041  1.2949095]	#010001
N200_tree_1	[3.064067   0.36933517 1.3283616 ]	#010101
N207_tree_1	[2.953069  1.012527  1.2801832]	#010101
N223_tree_1	[3.0300868  0.05509068 1.3245169 ]	#010101
N243_tree_1	[ 2.8854723  -0.16154234  1.2848079 ]	#010001
N245_tree_1	[3.0033674  0.11820259 1.2904477 ]	#010101
N246_tree_1	[2.8587863 0.7736508 1.2704583]	#010101
N278_tree_1	[ 2.850381   -0.35340324  1.3367643 ]	#010001
N280_tree_1	[2.8454196 0.7208174 1.2984947]	#010101
N298_tree_1	[ 3.0307071 -0.5239808  1.326633 ]	#010001
N299_tree_1	[2.9913118  0.55304796 1.2656499 ]	#010101
N300_tree_1	[2.8306398  0.31118706 1.3188268 ]	#010101
N302_tree_1	[ 2.8218467  -0.06934109  1.3204921 ]	#010101
N303_tree_1	[2.9396305  0.10757031 1.2324052 ]	#010101
N304_tree_1	[2.5741308  0.23436297 1.1758898 ]	#010101
N307_tree_1	[ 2.576216  -0.9579456  1.2082542]	#010001
N308_tree_1	[ 2.2149236  -0.12522481  1.1058975 ]	#010001
N309_tree_1	[ 2.0213654  -0.13300799  1.1190448 ]	#010001
N319_tree_1	[3.0611649  0.03286083 1.2956601 ]	#010101
N355_tree_1	[3.1240928  0.06369635 1.3413805 ]	#010101
N358_tree_1	[ 2.950421   -0.17796361  1.3488722 ]	#010001
N0_tree_2	[-0.9929759   0.37003472 -3.3687837 ]	#000100
N1_tree_2	[-1.4292927   0.14024751 -3.4597466 ]	#000100
N2_tree_2	[-1.2099279  0.4713126 -3.986316 ]	#000100
N3_tree_2	[-1.3216864   0.02436801 -3.9382465 ]	#000100
N4_tree_2	[-0.19669865  0.6213445  -1.5983257 ]	#000100
N5_tree_2	[-0.2502556 -1.2139385 -1.5570817]	#000000
N10_tree_2	[ 0.10085353 -0.90105367 -1.3476452 ]	#000000
N11_tree_2	[-0.8000137  -0.25672403 -3.3680248 ]	#000000
N23_tree_2	[-0.2277265  0.5153301 -3.0951126]	#000100
N24_tree_2	[-0.7570131  -0.11677665 -2.276571  ]	#000100
N25_tree_2	[-0.33614358 -0.59742403 -2.0453157 ]	#000000
N26_tree_2	[-0.36309    0.8143583 -1.8589067]	#000100
N27_tree_2	[ 0.5275457  -0.96893907 -1.561083  ]	#000000
N28_tree_2	[ 3.247963   -0.97056246 -1.8642298 ]	#010000
N34_tree_2	[2.1772645  0.17341626 1.0006775 ]	#010101
N35_tree_2	[ 2.6370003 -0.2335413  1.1014351]	#010001
N36_tree_2	[2.2115726 0.3515117 1.1567243]	#010101
N39_tree_2	[1.9256786  0.31548682 0.9946297 ]	#010101
N45_tree_2	[2.7807846  0.28342536 1.263075  ]	#010101
N46_tree_2	[ 2.7532043  -0.66953605  1.2381648 ]	#010001
N47_tree_2	[ 2.451457   -0.07001245  1.2472185 ]	#010101
N111_tree_2	[3.0577252  0.09429512 1.3697616 ]	#010101
N113_tree_2	[ 3.0209382  -0.43000373  1.3372021 ]	#010001
N116_tree_2	[3.0818708 1.0582618 1.3648148]	#010101
N132_tree_2	[ 3.0500162  -0.28393596  1.3661555 ]	#010001
N168_tree_2	[2.9413173  0.31585178 1.308417  ]	#010101
N169_tree_2	[ 2.9096587  -0.46835032  1.3230723 ]	#010001
N170_tree_2	[ 2.8079283 -1.0586712  1.2801045]	#010001
N178_tree_2	[ 2.9176462  -0.57596105  1.2862545 ]	#010001
N212_tree_2	[2.8975627 0.3901832 1.3045331]	#010101
N213_tree_2	[3.0654118 0.3842803 1.2645396]	#010101
N214_tree_2	[3.017235  0.9763325 1.2802172]	#010101
N226_tree_2	[2.8644035 1.3869618 1.3001968]	#010101
N227_tree_2	[ 3.0450058 -0.7229567  1.3442334]	#010001
N241_tree_2	[3.2127473 0.1452099 1.0438641]	#010101
N242_tree_2	[ 3.278674   -0.18412916  1.0287728 ]	#010001
N248_tree_2	[3.3892143 1.0439283 0.8625633]	#010101
N260_tree_2	[ 3.0974586  -0.36244535  1.3434502 ]	#010001
N262_tree_2	[3.0964525 0.539804  1.8791708]	#010101
N290_tree_2	[3.0362017 0.7017327 1.2765888]	#010101
N358_tree_2	[ 2.9504755 -0.350777   1.3579718]	#010001
N2_tree_3	[-1.4619232   0.17370562 -4.1754293 ]	#000100
N3_tree_3	[-1.3672365  0.623756  -3.9765253]	#000100
N11_tree_3	[-1.0326256 -0.2302131 -3.47567  ]	#000000
N23_tree_3	[-0.42265657 -0.27364632 -3.163434  ]	#000000
N28_tree_3	[ 3.2581043  0.2699351 -1.870862 ]	#010100
N29_tree_3	[ 3.5702677  -0.26116538 -1.4854635 ]	#010000
N32_tree_3	[-1.2477579 -1.0729665 -3.6369193]	#000000
N33_tree_3	[-0.6188989 -0.482205  -1.6083965]	#000000
N34_tree_3	[ 2.8586519 -0.7682991  1.3180245]	#010001
N35_tree_3	[ 2.9247968 -0.5015159  1.3056331]	#010001
N36_tree_3	[ 2.2632313  -0.13647695  1.7008244 ]	#010001
N37_tree_3	[ 2.3099465 -0.8654914  1.7830898]	#010001
N47_tree_3	[ 3.094692   -0.47164455  1.2964759 ]	#010001
N54_tree_3	[ 3.0478249  -0.18670225  1.3279014 ]	#010001
N57_tree_3	[3.0646927 0.1273167 1.36682  ]	#010101
N59_tree_3	[ 2.967078   -0.23248442  1.3059855 ]	#010001
N82_tree_3	[2.7546127  0.63463324 1.2225821 ]	#010101
N92_tree_3	[3.0354578 0.2777605 1.2586039]	#010101
N106_tree_3	[ 2.9969208  -0.11229136  1.3009814 ]	#010101
N111_tree_3	[ 2.8893173 -0.1346329  1.3129741]	#010001
N112_tree_3	[ 3.0058873  -0.34385738  1.3253525 ]	#010001
N113_tree_3	[ 3.0730445 -0.6606617  1.3528528]	#010001
N138_tree_3	[3.0195353  0.08438573 1.329537  ]	#010101
N146_tree_3	[ 3.0649576  -0.12254337  1.3230448 ]	#010001
N169_tree_3	[ 2.8821023  -0.33649483  1.3277056 ]	#010001
N191_tree_3	[ 3.111906  -0.3643326  1.3649817]	#010001
N193_tree_3	[ 2.928341  -0.7002154  1.3444905]	#010001
N213_tree_3	[ 2.874101   -0.50125796  1.3441668 ]	#010001
N220_tree_3	[2.9132164  0.14447159 1.8926402 ]	#010101
N289_tree_3	[ 2.9624665 -0.7324447  1.2923522]	#010001
N354_tree_3	[1.9016846  0.93888074 0.9139619 ]	#010101
N207_tree_4	[ 3.065278  -0.6727473  1.3457836]	#010001
N253_tree_4	[2.4054067  0.63218355 1.172361  ]	#010101
N308_tree_4	[ 2.6013632 -0.2049793  1.8993596]	#010001
N309_tree_4	[ 2.4899342 -1.0243365  1.8723125]	#010001
N310_tree_4	[ 1.914456  -0.2296093  2.376689 ]	#010001
N257_tree_5	[3.0558617  0.70358175 1.3164839 ]	#010101
N294_tree_5	[3.0448673  0.07306043 1.3330945 ]	#010101
N310_tree_5	[2.8059356  0.31644168 1.8561922 ]	#010101
N311_tree_5	[ 2.8113391  -0.10288417  1.8781748 ]	#010101
N0_tree_6	[-0.9293402   0.35303494 -2.9135697 ]	#000100
N1_tree_6	[-1.5052165 -0.0348973 -3.3316014]	#000100
N34_tree_6	[ 2.2366247 -0.0536872  0.9581168]	#010101
N35_tree_6	[2.302817  0.5797862 1.0319961]	#010101
N36_tree_6	[ 2.0849736  -0.33142027  1.0921087 ]	#010001
N45_tree_6	[2.4616616  0.69306016 1.2671977 ]	#010101
N121_tree_6	[ 2.848835  -0.4350482  1.3042864]	#010001
N143_tree_6	[ 3.076011   -0.20119046  1.3291761 ]	#010001
N155_tree_6	[ 2.9400089  -0.01490545  1.2834684 ]	#010101
N197_tree_6	[ 2.9522638 -0.3483961  1.3407041]	#010001
N199_tree_6	[ 3.0163891  -0.37174013  1.3301399 ]	#010001
N242_tree_6	[ 2.963939  -0.7397296  1.3254395]	#010001
N244_tree_6	[2.22641    0.42180166 1.8039508 ]	#010101
N267_tree_6	[3.0655327  0.77661747 1.3179635 ]	#010101
N278_tree_6	[ 3.1417763  -0.23108183  1.355588  ]	#010001
N300_tree_6	[3.012728  1.4034477 1.8740343]	#010101
N301_tree_6	[ 1.5681429 -0.4715968  2.5273483]	#010001
N354_tree_6	[ 2.9514434 -0.5519374  1.3085883]	#010001
N86_tree_7	[ 3.0048876  -0.42002332  1.3083401 ]	#010001
N122_tree_7	[ 3.1142108  -0.07310086  1.3512467 ]	#010101
N188_tree_7	[ 2.9214833  -0.66091603  1.3496958 ]	#010001
N189_tree_7	[2.939043  0.6357639 1.8401636]	#010101
N34_tree_8	[ 2.401934   -0.42286706  1.0637931 ]	#010001
N35_tree_8	[ 2.4933245  -0.03789419  1.1232566 ]	#010101
N36_tree_8	[2.2164466  0.47491875 1.1059285 ]	#010101
N45_tree_8	[ 2.9502754  -0.55624753  1.3575321 ]	#010001
N79_tree_8	[2.9451096  0.47093794 1.3557221 ]	#010101
N80_tree_8	[ 2.9137385 -0.6035278  1.3101859]	#010001
N145_tree_8	[2.931648   0.01231383 1.3535557 ]	#010101
N159_tree_8	[ 2.9147043 -1.0150913  1.3518176]	#010001
N162_tree_8	[ 3.0429382  -0.10926577  1.3036989 ]	#010101
N272_tree_8	[ 3.1187294  -0.24767108  1.338561  ]	#010001
N299_tree_8	[3.0511773  0.53722876 1.3390756 ]	#010101
N355_tree_8	[ 2.6999314 -0.5843497  1.3135691]	#010001
N356_tree_8	[2.7055569  0.42353114 1.2392317 ]	#010101
N63_tree_9	[ 2.966961   -0.05630402  1.3040351 ]	#010101
N64_tree_9	[ 2.862855  -0.4887093  1.3265554]	#010001
N157_tree_9	[2.5923164  0.26315558 1.9061923 ]	#010101
N158_tree_9	[ 2.6021473 -0.28455    1.9325281]	#010001
N159_tree_9	[1.9192495 0.5682132 2.3982508]	#010101
N32_tree_10	[-0.9346071  0.9400561 -3.4774125]	#000100
N132_tree_10	[2.980551   0.53487515 1.332198  ]	#010101
N167_tree_10	[2.7674572  0.13772587 1.8797354 ]	#010101
N168_tree_10	[1.6086959  0.35910472 2.4741821 ]	#010101
N219_tree_12	[3.0350435 0.527132  1.290292 ]	#010101
N226_tree_12	[ 2.8815448 -0.2856129  1.3107332]	#010001
N288_tree_12	[3.007746  0.2596382 1.3420717]	#010101
N0_tree_13	[-0.9516201  -0.27731574 -2.948035  ]	#000000
N1_tree_13	[-1.1748142  -0.32673058 -3.03803   ]	#000000
N142_tree_13	[ 2.9424603 -0.8618261  1.3434595]	#010001
N196_tree_13	[ 3.0455215  -0.38206276  1.3358134 ]	#010001
N224_tree_13	[3.0184612  0.59458613 1.3295137 ]	#010101
N339_tree_13	[2.806962   0.18369643 1.8357668 ]	#010101
N23_tree_14	[-0.382399    0.31768396 -3.1496441 ]	#000100
N279_tree_14	[2.693795  0.8210071 1.7533711]	#010101
N280_tree_14	[2.7962072  0.43223557 1.8938366 ]	#010101
N329_tree_14	[ 3.1042964  -0.10953017  1.306148  ]	#010101
N119_tree_15	[ 3.0595295 -0.8294241  1.3184682]	#010001
N215_tree_15	[3.069537   0.19793458 1.3121516 ]	#010101
N217_tree_15	[ 2.865535   -0.33595088  1.2573498 ]	#010001
N259_tree_15	[2.926522   0.05284442 1.2615472 ]	#010101
N353_tree_16	[3.019576   0.12520178 1.347206  ]	#010101
N215_tree_18	[2.959874   0.09082779 1.2512603 ]	#010101
N2_tree_19	[-1.3675337  0.073446  -4.038412 ]	#000100
N3_tree_19	[-1.2556311  0.3007528 -3.7309482]	#000100
N4_tree_19	[ 0.10423758  0.78211707 -1.5900717 ]	#000100
N11_tree_19	[-0.9414995  -0.04577923 -3.4170716 ]	#000100
N12_tree_19	[-0.06063764 -0.8450083  -1.6034366 ]	#000000
N14_tree_19	[ 2.1400478 -0.4495379 -2.2494698]	#010000
N23_tree_19	[-0.2293185   0.41542408 -3.1010406 ]	#000100
N24_tree_19	[-0.75357723 -0.14220972 -2.2051919 ]	#000000
N28_tree_19	[ 3.238311   -0.06854868 -1.8411784 ]	#010100
N62_tree_19	[2.7866008  0.23627828 1.6533133 ]	#010101
N225_tree_19	[ 3.0014026 -0.3413962  1.3242166]	#010001
N237_tree_19	[ 2.0690594  -0.23173024  1.8490394 ]	#010001
N241_tree_19	[ 2.5972362  -0.81271416  1.864808  ]	#010001
N242_tree_19	[ 2.479738  -1.0364503  1.957654 ]	#010001
N285_tree_19	[ 2.955981  -0.5498257  1.3651882]	#010001
N324_tree_19	[2.966562   0.17610793 1.2811133 ]	#010101
N249_tree_20	[2.845578   0.20777778 1.2220687 ]	#010101
N86_tree_21	[ 2.3979094 -0.2898359  1.0951141]	#010001
N103_tree_21	[2.8971546  0.67321855 1.2684569 ]	#010101
N154_tree_21	[3.0141628 0.3602356 1.3151898]	#010101
N160_tree_21	[ 3.1478965 -0.6868747  1.3281287]	#010001
N58_tree_23	[3.0896537  0.09714822 1.3440605 ]	#010101
N187_tree_23	[3.1537764 0.3732531 1.2926711]	#010101
N75_tree_24	[ 2.992199  -1.0238856  1.2600257]	#010001
N351_tree_24	[ 2.980257   -0.14121307  1.327206  ]	#010001
N352_tree_24	[ 2.9753983  -0.46296373  1.2974136 ]	#010001
N353_tree_24	[3.003295  0.5371217 1.3344077]	#010101
N119_tree_26	[ 3.165346   -0.21523559  1.3213984 ]	#010001
N120_tree_26	[2.8297722 0.9864834 1.3515056]	#010101
N161_tree_26	[3.0760565  0.25191948 1.2978839 ]	#010101
N302_tree_27	[ 2.941757   -0.08609191  1.8267838 ]	#010101
N351_tree_28	[3.4299195  0.05601057 0.8193421 ]	#010101
N0_tree_29	[-1.8061186 -1.0000322 -3.524578 ]	#000000
N2_tree_29	[-1.6309601   0.58402604 -4.174336  ]	#000100
N23_tree_29	[-0.28632987  0.81331855 -3.1840012 ]	#000100
N28_tree_29	[ 3.2716124   0.03262385 -1.8543113 ]	#010100
N30_tree_29	[ 3.786895   -0.7574034  -0.64642245]	#010001
N32_tree_29	[-1.135481   -0.08627059 -3.464543  ]	#000100
N33_tree_29	[-0.7572556  1.0015026 -1.624786 ]	#000100
N34_tree_29	[ 2.879576  -0.3817835  1.1118382]	#010001
N167_tree_29	[3.1210155  0.27341807 1.3733625 ]	#010101
N274_tree_29	[3.1213806  0.99808854 1.2914193 ]	#010101
N275_tree_29	[2.9729154  0.14024258 1.3234005 ]	#010101
N288_tree_30	[ 2.7438862  -0.05341943  1.3299106 ]	#010101
N289_tree_30	[2.9042957  0.11022118 1.3588123 ]	#010101
N316_tree_30	[2.9682207 0.7569838 1.2863188]	#010101
N267_tree_32	[3.3658638 0.350058  0.872772 ]	#010101
N87_tree_34	[ 2.84038    -0.49601546  1.2692052 ]	#010001
N168_tree_35	[ 2.7636373 -0.6900902  1.8050548]	#010001
N261_tree_35	[2.9187405  0.49540916 1.346625  ]	#010101
N281_tree_35	[2.882745   0.23016638 1.3232865 ]	#010101
N283_tree_37	[ 2.8110466 -0.9686498  1.8487109]	#010001
N284_tree_37	[2.865347   0.60710734 1.786407  ]	#010101
N279_tree_38	[ 3.101567   -0.34007156  1.2891742 ]	#010001
N42_tree_39	[ 1.7358041  -0.06538206  0.98990345]	#010101
N282_tree_39	[ 2.8935242 -0.5570848  1.2996379]	#010001
N248_tree_41	[ 2.9598675  -0.22757073  1.2876533 ]	#010001
N356_tree_41	[ 2.2418196  -0.16202755  1.1450057 ]	#010001
N61_tree_44	[ 3.1809645  -0.39122653  1.2395797 ]	#010001
N267_tree_44	[ 3.0059683 -0.3181872  1.3150884]	#010001
N284_tree_44	[2.8467152 0.6285667 1.7899569]	#010101
N134_tree_45	[ 2.8764706 -1.0245608  1.346193 ]	#010001
N137_tree_45	[2.9888394  0.43223462 1.2874408 ]	#010101
N262_tree_46	[2.959617   0.10017102 1.3286797 ]	#010101
N309_tree_46	[2.9408157  0.05961047 1.3177048 ]	#010101
N23_tree_50	[-0.15766902  0.2640292  -3.0999432 ]	#000100
N177_tree_50	[2.7152054  0.34271476 1.9414788 ]	#010101
N178_tree_50	[1.8302846 1.0450487 2.3194075]	#010101
N257_tree_50	[ 2.8967216  -0.06123169  1.3568414 ]	#010101
N311_tree_50	[2.8359993 0.2332751 1.2911848]	#010101
N312_tree_50	[2.9692535 0.8039029 1.3407015]	#010101
N29_tree_51	[ 3.5876      0.08575594 -1.468532  ]	#010100
N149_tree_51	[ 3.0510223 -0.2079215  1.305584 ]	#010001
N34_tree_52	[ 2.5416439 -0.1708672  1.0219992]	#010001
N35_tree_52	[ 2.388168   -0.49986136  1.1171602 ]	#010001
N36_tree_52	[ 2.0929213  -0.05548699  1.1277789 ]	#010101
N268_tree_52	[ 2.8527253 -0.7604291  1.2568712]	#010001
N354_tree_52	[2.7500222  0.04973515 1.2762426 ]	#010101
N154_tree_55	[ 3.064785   -0.02315541  1.3238589 ]	#010101
N220_tree_56	[3.1719885  0.22355562 1.3199389 ]	#010101
N118_tree_59	[2.9039612 0.3068618 1.3605375]	#010101
N119_tree_59	[2.9946148  0.02852341 1.3327265 ]	#010101
N153_tree_59	[3.0139048  0.07467657 1.308616  ]	#010101
N155_tree_59	[2.7521327  0.03685741 1.7872311 ]	#010101
N216_tree_59	[2.9267817 1.0852708 1.3686256]	#010101
N123_tree_62	[2.9421093  0.71857625 1.3148857 ]	#010101
N124_tree_62	[ 3.1558964 -0.2748185  1.3053669]	#010001
N319_tree_62	[ 2.9835823  -0.16000783  1.2923194 ]	#010001
N320_tree_62	[ 2.9309466  -0.15121262  1.3171989 ]	#010001
N142_tree_64	[ 3.0496588  -0.79046696  1.2917664 ]	#010001
N300_tree_64	[ 2.827341   -0.18721421  1.8816981 ]	#010001
N301_tree_64	[1.583222  0.6988031 2.496145 ]	#010101
N66_tree_65	[ 2.9510543  -0.09854507  1.3068423 ]	#010101
N103_tree_65	[3.017403  0.9061951 1.340805 ]	#010101
N358_tree_65	[ 3.1054146  -0.72105044  1.3194782 ]	#010001
N222_tree_67	[ 2.9041426  -0.03966882  1.3152642 ]	#010101
N155_tree_68	[2.904952  0.7141741 1.3661823]	#010101
N156_tree_68	[ 2.9256756 -1.0254487  1.2974197]	#010001
N35_tree_70	[ 2.2865398  -0.18519609  1.0573086 ]	#010001
N45_tree_70	[ 2.8182087  -0.67659575  1.2319045 ]	#010001
N46_tree_70	[ 2.7341518  -0.23386429  1.2026426 ]	#010001
N54_tree_70	[3.0646136  0.31545535 1.3698541 ]	#010101
N293_tree_71	[ 2.9869182 -1.2855759  1.3431872]	#010001
N185_tree_82	[2.1382868  0.38231722 1.8642448 ]	#010101
N189_tree_82	[2.5388067  0.03599815 1.8985392 ]	#010101
N190_tree_82	[ 2.5318573  -0.47611728  1.9623896 ]	#010001
N115_tree_84	[ 3.0540378  -0.21242474  1.3249855 ]	#010001
N335_tree_84	[2.952097   0.06020598 1.3666931 ]	#010101
N200_tree_87	[2.8850336 1.4812387 1.8765583]	#010101
N201_tree_87	[ 1.6771641 -0.1643821  2.5211742]	#010001
N150_tree_91	[2.9384556 0.0798464 1.3038335]	#010101
N166_tree_93	[3.1105347  0.28909588 1.3634629 ]	#010101
N262_tree_94	[2.9917357 1.3485368 1.3842187]	#010101
N264_tree_94	[ 2.785859   -0.50563174  1.2890857 ]	#010001
N34_tree_95	[ 2.8105857 -0.0841234  1.1233944]	#010101
N145_tree_95	[3.1042583  0.05537018 1.3475299 ]	#010101
N197_tree_95	[ 3.0019615 -0.5829106  1.3339463]	#010001
N198_tree_95	[ 2.87319   -0.0956471  1.2748173]	#010101
N210_tree_97	[1.8006066  0.15378952 2.3954504 ]	#010101
